РтғЕ,ИХЖЪ,PM2.5·ЦЦёКэ,PM10·ЦЦёКэ,O3·ЦЦёКэ,SO2·ЦЦёКэ,NO2·ЦЦёКэ,CO·ЦЦёКэ,AQI,ЦКБүЖАәЫ,КЧТҒОЫИңОп
1510,2021/12/30,109,76,18,12,105,38,109,Зб¶ИОЫИң,PM2.5
1509,2021/12/31,75,58,36,8,78,28,78,Бә,NO3
1508,2022/1/1,28,36,25,5,68,18,68,Бә,NO3
1507,2022/1/2,98,65,42,8,80,30,98,Бә,PM2.5
1506,2022/1/3,90,60,38,6,97,28,97,Бә,NO3
1505,2022/1/4,67,46,48,5,72,23,72,Бә,NO3
1504,2022/1/5,19,17,41,4,38,15,41,УЕ,O3
1503,2022/1/6,22,27,36,4,33,18,36,УЕ,O3
1502,2022/1/7,38,35,34,5,49,18,49,УЕ,NO3
1501,2022/1/8,48,37,29,5,58,20,58,Бә,NO3
1500,2022/1/9,84,52,33,6,62,23,84,Бә,PM2.5
1499,2022/1/10,149,69,24,6,78,33,149,Зб¶ИОЫИң,PM2.5
1498,2022/1/11,78,42,32,5,43,23,78,Бә,PM2.5
1497,2022/1/12,59,49,31,6,77,23,77,Бә,NO3
1496,2022/1/13,79,54,27,6,68,25,79,Бә,PM2.5
1495,2022/1/14,30,31,32,5,52,18,52,Бә,NO3
1494,2022/1/15,95,54,21,6,84,28,95,Бә,PM2.5
1493,2022/1/16,109,61,43,6,70,28,109,Зб¶ИОЫИң,PM2.5
1492,2022/1/17,25,36,26,5,59,18,59,Бә,NO3
1491,2022/1/18,52,45,42,5,54,18,54,Бә,NO3
1490,2022/1/19,50,41,31,5,68,18,68,Бә,NO3
1489,2022/1/20,48,37,38,4,32,18,48,УЕ,PM2.5
1488,2022/1/21,18,22,36,4,34,15,36,УЕ,O3
1487,2022/1/22,26,17,20,4,67,18,67,Бә,NO3
1486,2022/1/23,19,11,34,4,42,15,42,УЕ,NO3
1485,2022/1/24,74,55,38,5,30,25,74,Бә,PM2.5
1484,2022/1/25,109,66,28,5,50,28,109,Зб¶ИОЫИң,PM2.5
1483,2022/1/26,60,42,39,5,42,20,60,Бә,PM2.5
1482,2022/1/27,50,38,41,4,29,20,50,УЕ,PM2.5
1481,2022/1/28,22,25,35,4,24,15,35,УЕ,O3
1480,2022/1/29,33,28,36,5,24,15,36,УЕ,O3
1479,2022/1/30,35,29,36,5,29,15,36,УЕ,O3
1478,2022/1/31,85,61,49,7,48,23,85,Бә,PM2.5
1477,2022/2/1,107,78,43,7,27,20,107,Зб¶ИОЫИң,PM2.5
1476,2022/2/2,36,32,43,5,19,15,43,УЕ,O3
1475,2022/2/3,19,16,40,5,20,13,40,УЕ,O3
1474,2022/2/4,39,32,46,6,33,18,46,УЕ,O3
1473,2022/2/5,63,54,43,5,29,18,63,Бә,PM2.5
1472,2022/2/6,22,24,41,5,19,13,41,УЕ,O3
1471,2022/2/7,10,9,40,4,23,13,40,УЕ,O3
1470,2022/2/8,13,12,37,4,27,13,37,УЕ,O3
1469,2022/2/9,22,20,35,4,38,13,38,УЕ,NO3
1468,2022/2/10,36,30,43,5,34,15,43,УЕ,O3
1467,2022/2/11,53,44,51,5,37,15,53,Бә,PM2.5
1466,2022/2/12,57,54,46,5,43,18,57,Бә,PM2.5
1465,2022/2/13,58,53,46,5,42,18,58,Бә,PM2.5
1464,2022/2/14,57,54,49,6,45,15,57,Бә,PM2.5
1463,2022/2/15,68,58,36,5,32,18,68,Бә,PM2.5
1461,2022/2/16,39,40,40,4,33,15,40,УЕ,PM10
1462,2022/2/16,39,40,40,4,33,15,40,УЕ,O3
1460,2022/2/17,23,25,43,4,22,13,43,УЕ,O3
1459,2022/2/18,18,21,36,4,32,13,36,УЕ,O3
1458,2022/2/19,35,34,37,5,25,15,37,УЕ,O3
1457,2022/2/20,26,35,39,6,29,15,39,УЕ,O3
1456,2022/2/21,40,44,38,7,53,15,53,Бә,NO3
1455,2022/2/22,72,62,43,7,64,18,72,Бә,PM2.5
1454,2022/2/23,40,42,45,5,33,13,45,УЕ,O3
1453,2022/2/24,25,30,40,5,54,13,54,Бә,NO3
1452,2022/2/25,26,30,45,5,52,13,52,Бә,NO3
1451,2022/2/26,58,57,56,7,59,18,59,Бә,NO3
1450,2022/2/27,55,65,50,6,40,15,65,Бә,PM10
1449,2022/2/28,65,65,92,7,49,18,92,Бә,O3
1448,2022/3/1,117,82,56,5,50,25,117,Зб¶ИОЫИң,PM2.5
1447,2022/3/2,82,73,57,7,53,18,82,Бә,PM2.5
1446,2022/3/3,69,75,78,9,57,18,78,Бә,O3
1445,2022/3/4,50,51,43,5,55,18,55,Бә,NO3
1444,2022/3/5,55,86,42,5,43,15,86,Бә,PM10
1443,2022/3/6,12,40,41,4,28,10,41,УЕ,O3
1442,2022/3/7,32,49,40,6,50,15,50,УЕ,NO3
1441,2022/3/8,57,63,54,7,68,15,68,Бә,NO3
1439,2022/3/9,54,64,64,7,45,15,64,Бә,PM10
1440,2022/3/9,54,64,64,7,45,15,64,Бә,O3
1438,2022/3/10,45,65,71,7,40,15,71,Бә,O3
1437,2022/3/11,48,61,57,7,73,15,73,Бә,NO3
1436,2022/3/12,38,50,64,6,48,15,64,Бә,O3
1435,2022/3/13,45,53,59,6,44,15,59,Бә,O3
1434,2022/3/14,62,61,58,6,52,20,62,Бә,PM2.5
1433,2022/3/15,43,57,56,6,40,20,57,Бә,PM10
1432,2022/3/16,45,54,88,8,50,18,88,Бә,O3
1431,2022/3/17,16,13,32,4,30,15,32,УЕ,O3
1430,2022/3/18,38,35,34,4,40,20,40,УЕ,NO3
1429,2022/3/19,69,58,37,5,38,20,69,Бә,PM2.5
1428,2022/3/20,20,20,38,4,28,15,38,УЕ,O3
1427,2022/3/21,10,8,45,4,20,15,45,УЕ,O3
1426,2022/3/22,20,27,49,5,22,15,49,УЕ,O3
1425,2022/3/23,29,34,56,6,32,18,56,Бә,O3
1424,2022/3/24,19,28,59,5,33,13,59,Бә,O3
1423,2022/3/25,18,17,45,4,27,18,45,УЕ,O3
1422,2022/3/26,39,37,53,5,29,20,53,Бә,O3
1421,2022/3/27,49,64,54,8,48,20,64,Бә,PM10
1420,2022/3/28,16,32,51,5,19,13,51,Бә,O3
1419,2022/3/29,20,34,63,5,24,13,63,Бә,O3
1418,2022/3/30,36,43,80,6,27,18,80,Бә,O3
1417,2022/3/31,39,43,48,5,20,18,48,УЕ,O3
1416,2022/4/1,28,32,61,6,17,18,61,Бә,O3
1415,2022/4/2,26,28,65,5,18,15,65,Бә,O3
1414,2022/4/3,22,21,64,5,20,13,64,Бә,O3
1413,2022/4/4,29,28,71,5,19,15,71,Бә,O3
1412,2022/4/5,32,36,54,7,32,18,54,Бә,O3
1411,2022/4/6,52,51,94,8,39,20,94,Бә,O3
1410,2022/4/7,54,53,121,8,37,18,121,Зб¶ИОЫИң,O3
1409,2022/4/8,39,49,101,9,33,15,101,Зб¶ИОЫИң,O3
1408,2022/4/9,33,48,108,9,24,18,108,Зб¶ИОЫИң,O3
1407,2022/4/10,36,46,84,8,19,18,84,Бә,O3
1406,2022/4/11,45,49,119,8,27,18,119,Зб¶ИОЫИң,O3
1405,2022/4/12,32,34,90,8,32,18,90,Бә,O3
1404,2022/4/13,19,15,37,5,19,18,37,УЕ,O3
1403,2022/4/14,13,10,36,5,15,18,36,УЕ,O3
1402,2022/4/15,25,30,81,6,14,18,81,Бә,O3
1401,2022/4/16,46,47,77,6,18,18,77,Бә,O3
1400,2022/4/17,29,33,80,6,22,15,80,Бә,O3
1399,2022/4/18,26,31,79,6,23,18,79,Бә,O3
1398,2022/4/19,,53,115,8,33,20,115,Зб¶ИОЫИң,O3
1397,2022/4/20,63,61,134,10,29,20,134,Зб¶ИОЫИң,O3
1396,2022/4/21,65,53,110,8,22,23,110,Зб¶ИОЫИң,O3
1395,2022/4/22,54,48,98,10,32,23,98,Бә,O3
1394,2022/4/23,23,16,49,5,18,20,49,УЕ,O3
1393,2022/4/24,,9,48,5,13,18,48,УЕ,O3
1392,2022/4/25,28,20,48,6,18,20,48,УЕ,O3
1391,2022/4/26,25,18,38,5,22,23,38,УЕ,O3
1390,2022/4/27,25,60,62,5,14,18,62,Бә,O3
1389,2022/4/28,29,70,49,5,18,18,70,Бә,PM10
1388,2022/4/29,19,23,59,5,14,18,59,Бә,O3
1387,2022/4/30,26,26,63,5,18,20,63,Бә,O3
1386,2022/5/1,35,33,72,6,18,20,72,Бә,O3
1385,2022/5/2,59,53,96,7,28,20,96,Бә,O3
1384,2022/5/3,70,59,137,9,37,23,137,Зб¶ИОЫИң,O3
1383,2022/5/4,57,51,109,9,23,20,109,Зб¶ИОЫИң,O3
1382,2022/5/5,25,29,79,7,17,18,79,Бә,O3
1381,2022/5/6,22,20,85,7,17,18,85,Бә,O3
1380,2022/5/7,18,15,48,5,14,18,48,УЕ,O3
1379,2022/5/8,19,24,64,6,15,15,64,Бә,O3
1378,2022/5/9,16,23,60,6,17,18,60,Бә,O3
1377,2022/5/10,19,26,54,5,14,18,54,Бә,O3
1376,2022/5/11,23,25,52,5,15,18,52,Бә,O3
1375,2022/5/12,22,17,48,5,17,18,48,УЕ,O3
1374,2022/5/13,22,20,58,5,17,20,58,Бә,O3
1373,2022/5/14,28,31,76,6,19,20,76,Бә,O3
1372,2022/5/15,33,35,81,7,28,20,81,Бә,O3
1371,2022/5/16,46,49,114,8,30,20,114,Зб¶ИОЫИң,O3
1370,2022/5/17,55,53,131,9,27,20,131,Зб¶ИОЫИң,O3
1369,2022/5/18,32,34,108,8,24,18,108,Зб¶ИОЫИң,O3
1368,2022/5/19,35,34,79,7,18,18,79,Бә,O3
1367,2022/5/20,35,27,39,6,27,18,39,УЕ,O3
1366,2022/5/21,22,18,65,5,17,18,65,Бә,O3
1365,2022/5/22,29,27,89,8,18,18,89,Бә,O3
1364,2022/5/23,16,17,72,6,13,18,72,Бә,O3
1363,2022/5/24,15,12,62,5,13,18,62,Бә,O3
1362,2022/5/25,20,19,59,6,19,18,59,Бә,O3
1361,2022/5/26,35,29,42,6,35,20,42,УЕ,O3
1360,2022/5/27,54,47,135,7,27,20,135,Зб¶ИОЫИң,O3
1359,2022/5/28,22,17,76,6,19,18,76,Бә,O3
1358,2022/5/29,23,18,40,4,24,20,40,УЕ,O3
1357,2022/5/30,48,39,77,5,29,23,77,Бә,O3
1356,2022/5/31,12,18,70,5,23,13,70,Бә,O3
1355,2022/6/1,49,40,80,5,29,20,80,Бә,O3
1354,2022/6/2,50,42,70,4,24,15,70,Бә,O3
1353,2022/6/3,16,16,48,4,14,13,48,УЕ,O3
1352,2022/6/4,26,24,56,4,22,13,56,Бә,O3
1351,2022/6/5,22,16,30,4,28,15,30,УЕ,O3
1350,2022/6/6,39,38,120,5,24,15,120,Зб¶ИОЫИң,O3
1349,2022/6/7,39,39,71,4,23,15,71,Бә,O3
1348,2022/6/8,20,25,75,4,24,13,75,Бә,O3
1347,2022/6/9,32,34,90,4,18,13,90,Бә,O3
1346,2022/6/10,16,17,50,4,22,10,50,УЕ,O3
1345,2022/6/11,19,21,63,4,14,10,63,Бә,O3
1344,2022/6/12,30,28,50,4,20,10,50,УЕ,O3
1343,2022/6/13,13,11,40,4,25,10,40,УЕ,O3
1342,2022/6/14,53,45,120,4,32,15,120,Зб¶ИОЫИң,O3
1341,2022/6/15,69,57,145,6,35,18,145,Зб¶ИОЫИң,O3
1340,2022/6/16,55,53,119,6,34,18,119,Зб¶ИОЫИң,O3
1339,2022/6/17,46,49,139,5,28,15,139,Зб¶ИОЫИң,O3
1338,2022/6/18,26,31,73,4,23,13,73,Бә,O3
1337,2022/6/19,39,40,74,4,33,15,74,Бә,O3
1336,2022/6/20,13,13,42,4,22,13,42,УЕ,O3
1335,2022/6/21,20,23,57,4,24,13,57,Бә,O3
1334,2022/6/22,33,33,68,5,27,13,68,Бә,O3
1333,2022/6/23,22,31,64,5,24,13,64,Бә,O3
1332,2022/6/24,18,21,36,4,35,15,36,УЕ,O3
1331,2022/6/25,29,29,92,5,23,15,92,Бә,O3
1330,2022/6/26,22,28,73,5,19,13,73,Бә,O3
1329,2022/6/27,15,23,61,5,15,13,61,Бә,O3
1328,2022/6/28,18,26,52,5,18,13,52,Бә,O3
1327,2022/6/29,20,26,55,5,20,13,55,Бә,O3
1326,2022/6/30,12,20,38,4,17,13,38,УЕ,O3
1325,2022/7/1,10,20,32,4,13,10,32,УЕ,O3
1324,2022/7/2,10,16,25,4,12,10,25,УЕ,O3
1323,2022/7/3,13,17,29,4,14,10,29,УЕ,O3
1322,2022/7/4,13,16,33,4,15,10,33,УЕ,O3
1321,2022/7/5,26,33,86,4,18,13,86,Бә,O3
1320,2022/7/6,20,31,78,5,19,13,78,Бә,O3
1319,2022/7/7,30,34,91,5,29,15,91,Бә,O3
1318,2022/7/8,33,34,80,4,30,15,80,Бә,O3
1317,2022/7/9,40,39,119,5,29,15,119,Зб¶ИОЫИң,O3
1316,2022/7/10,52,49,110,5,24,15,110,Зб¶ИОЫИң,O3
1315,2022/7/11,20,25,90,5,28,15,90,Бә,O3
1314,2022/7/12,43,48,120,5,32,15,120,Зб¶ИОЫИң,O3
1313,2022/7/13,46,50,133,6,32,15,133,Зб¶ИОЫИң,O3
1312,2022/7/14,45,49,134,6,35,15,134,Зб¶ИОЫИң,O3
1311,2022/7/15,43,44,94,5,37,18,94,Бә,O3
1310,2022/7/16,43,36,70,4,40,20,70,Бә,O3
1309,2022/7/17,48,44,102,4,25,18,102,Зб¶ИОЫИң,O3
1308,2022/7/18,33,30,67,4,27,20,67,Бә,O3
1307,2022/7/19,32,29,55,4,29,18,55,Бә,O3
1306,2022/7/20,35,35,85,4,29,15,85,Бә,O3
1305,2022/7/21,26,28,61,4,29,15,61,Бә,O3
1304,2022/7/22,57,50,150,4,29,20,150,Зб¶ИОЫИң,O3
1303,2022/7/23,40,41,75,4,22,15,75,Бә,O3
1302,2022/7/24,43,40,116,6,24,20,116,Зб¶ИОЫИң,O3
1301,2022/7/25,35,34,92,4,18,15,92,Бә,O3
1300,2022/7/26,30,38,104,4,32,15,104,Зб¶ИОЫИң,O3
1299,2022/7/27,36,42,135,4,38,15,135,Зб¶ИОЫИң,O3
1298,2022/7/28,29,35,104,4,27,13,104,Зб¶ИОЫИң,O3
1297,2022/7/29,12,16,20,4,14,10,20,УЕ,O3
1296,2022/7/30,18,20,25,4,20,13,25,УЕ,O3
1295,2022/7/31,25,28,52,4,22,15,52,Бә,O3
1294,2022/8/1,30,33,76,5,23,15,76,Бә,O3
1293,2022/8/2,42,40,85,4,17,15,85,Бә,O3
1292,2022/8/3,16,19,49,4,15,13,49,УЕ,O3
1291,2022/8/4,16,22,65,5,17,13,65,Бә,O3
1290,2022/8/5,23,32,120,5,23,15,120,Зб¶ИОЫИң,O3
1289,2022/8/6,32,43,65,5,44,20,65,Бә,O3
1288,2022/8/7,20,25,89,6,22,15,89,Бә,O3
1287,2022/8/8,12,20,65,5,17,13,65,Бә,O3
1286,2022/8/9,16,25,91,6,19,15,91,Бә,O3
1285,2022/8/10,22,31,111,6,24,15,111,Зб¶ИОЫИң,O3
1284,2022/8/11,33,43,120,5,37,18,120,Зб¶ИОЫИң,O3
1283,2022/8/12,38,46,108,5,43,18,108,Зб¶ИОЫИң,O3
1282,2022/8/13,39,48,121,6,30,18,121,Зб¶ИОЫИң,O3
1281,2022/8/14,28,37,115,6,24,18,115,Зб¶ИОЫИң,O3
1280,2022/8/15,23,32,116,6,22,15,116,Зб¶ИОЫИң,O3
1279,2022/8/16,28,36,95,6,29,18,95,Бә,O3
1278,2022/8/17,29,33,92,5,32,20,92,Бә,O3
1277,2022/8/18,30,34,99,5,27,15,99,Бә,O3
1276,2022/8/19,20,30,103,5,24,15,103,Зб¶ИОЫИң,O3
1275,2022/8/20,33,42,95,5,34,18,95,Бә,O3
1274,2022/8/21,29,37,55,4,24,18,55,Бә,O3
1273,2022/8/22,39,42,110,5,27,18,110,Зб¶ИОЫИң,O3
1272,2022/8/23,38,43,133,6,32,20,133,Зб¶ИОЫИң,O3
1271,2022/8/24,16,33,39,5,19,15,39,УЕ,O3
1270,2022/8/25,16,30,53,5,22,15,53,Бә,O3
1269,2022/8/26,19,32,46,5,28,15,46,УЕ,O3
1268,2022/8/27,22,24,50,5,25,18,50,УЕ,O3
1267,2022/8/28,13,26,49,5,18,15,49,УЕ,O3
1266,2022/8/29,20,33,90,5,22,15,90,Бә,O3
1265,2022/8/30,38,43,69,5,27,20,69,Бә,O3
1264,2022/8/31,16,19,43,4,23,18,43,УЕ,O3
1263,2022/9/1,20,26,72,5,18,15,72,Бә,O3
1262,2022/9/2,15,24,49,5,18,15,49,УЕ,O3
1261,2022/9/3,9,15,29,4,17,13,29,УЕ,O3
1260,2022/9/4,9,17,21,4,13,13,21,УЕ,O3
1259,2022/9/5,8,10,45,4,14,13,45,УЕ,O3
1258,2022/9/6,52,56,131,6,35,23,131,Зб¶ИОЫИң,O3
1257,2022/9/7,50,55,141,7,37,18,141,Зб¶ИОЫИң,O3
1256,2022/9/8,28,41,65,6,43,15,65,Бә,O3
1255,2022/9/9,18,27,61,5,27,15,61,Бә,O3
1254,2022/9/10,20,27,72,5,25,13,72,Бә,O3
1253,2022/9/11,19,31,45,5,22,13,45,УЕ,O3
1252,2022/9/12,22,26,32,5,27,15,32,УЕ,O3
1251,2022/9/13,13,16,32,4,19,13,32,УЕ,O3
1250,2022/9/14,12,15,25,4,18,15,25,УЕ,O3
1249,2022/9/15,13,18,34,4,20,15,34,УЕ,O3
1248,2022/9/16,45,43,62,6,38,18,62,Бә,O3
1247,2022/9/17,53,46,74,6,43,23,74,Бә,O3
1246,2022/9/18,32,36,71,5,23,18,71,Бә,O3
1245,2022/9/19,35,54,72,6,22,18,72,Бә,O3
1244,2022/9/20,16,41,44,6,22,13,44,УЕ,O3
1243,2022/9/21,13,31,38,6,30,13,38,УЕ,O3
1242,2022/9/22,18,36,53,6,40,13,53,Бә,O3
1241,2022/9/23,26,53,75,7,39,15,75,Бә,O3
1240,2022/9/24,12,29,45,6,22,13,45,УЕ,O3
1239,2022/9/25,15,30,50,6,27,13,50,УЕ,O3
1238,2022/9/26,25,35,55,6,34,15,55,Бә,O3
1237,2022/9/27,16,22,53,5,28,13,53,Бә,O3
1236,2022/9/28,23,25,41,5,43,15,43,УЕ,NO3
1235,2022/9/29,22,23,48,5,42,15,48,УЕ,O3
1234,2022/9/30,19,25,37,5,33,15,37,УЕ,O3
1233,2022/10/1,33,34,42,5,29,15,42,УЕ,O3
1232,2022/10/2,22,29,55,6,20,15,55,Бә,O3
1231,2022/10/3,28,35,85,6,24,15,85,Бә,O3
1230,2022/10/4,16,28,30,5,18,15,30,УЕ,O3
1229,2022/10/5,12,25,35,5,18,13,35,УЕ,O3
1228,2022/10/6,12,15,34,5,22,15,34,УЕ,O3
1227,2022/10/7,13,18,36,5,25,15,36,УЕ,O3
1226,2022/10/8,20,27,42,5,35,15,42,УЕ,O3
1225,2022/10/9,38,39,52,6,35,18,52,Бә,O3
1224,2022/10/10,22,47,39,7,34,15,47,УЕ,PM10
1223,2022/10/11,26,39,42,7,45,15,45,УЕ,NO3
1222,2022/10/12,16,28,47,6,35,15,47,УЕ,O3
1221,2022/10/13,16,28,54,6,37,15,54,Бә,O3
1220,2022/10/14,22,36,49,6,42,15,49,УЕ,O3
1219,2022/10/15,32,37,58,6,39,18,58,Бә,O3
1218,2022/10/16,43,43,49,6,35,18,49,УЕ,O3
1217,2022/10/17,42,52,55,6,24,18,55,Бә,O3
1216,2022/10/18,15,33,38,6,28,15,38,УЕ,O3
1215,2022/10/19,18,29,48,6,34,15,48,УЕ,O3
1214,2022/10/20,16,32,46,6,45,15,46,УЕ,O3
1213,2022/10/21,25,40,49,6,54,15,54,Бә,NO3
1212,2022/10/22,38,42,44,7,39,18,44,УЕ,O3
1211,2022/10/23,32,43,61,6,23,15,61,Бә,O3
1210,2022/10/24,18,33,51,6,28,13,51,Бә,O3
1209,2022/10/25,13,29,42,6,30,13,42,УЕ,O3
1208,2022/10/26,15,32,30,6,47,15,47,УЕ,NO3
1207,2022/10/27,12,19,35,5,37,15,37,УЕ,NO3
1206,2022/10/28,19,34,46,6,24,15,46,УЕ,O3
1205,2022/10/29,19,32,45,6,29,15,45,УЕ,O3
1204,2022/10/30,26,36,44,6,30,15,44,УЕ,O3
1203,2022/10/31,16,30,41,6,33,15,41,УЕ,O3
1202,2022/11/1,30,39,49,6,32,18,49,УЕ,O3
1201,2022/11/2,43,52,53,6,37,18,53,Бә,O3
1200,2022/11/3,26,38,48,6,45,18,48,УЕ,O3
1199,2022/11/4,22,37,38,6,24,15,38,УЕ,O3
1198,2022/11/5,32,41,44,7,37,15,44,УЕ,O3
1196,2022/11/6,22,31,43,6,43,15,43,УЕ,O3
1197,2022/11/6,22,31,43,6,43,15,43,УЕ,NO3
1195,2022/11/7,25,33,50,7,43,15,50,УЕ,O3
1194,2022/11/8,25,33,44,6,50,15,50,УЕ,NO3
1193,2022/11/9,32,43,48,6,44,15,48,УЕ,O3
1192,2022/11/10,52,47,40,7,42,18,52,Бә,PM2.5
1191,2022/11/11,36,29,20,5,40,15,40,УЕ,NO3
1190,2022/11/12,26,29,38,6,35,18,38,УЕ,O3
1189,2022/11/13,20,27,25,5,25,18,27,УЕ,PM10
1188,2022/11/14,38,44,19,7,48,20,48,УЕ,NO3
1187,2022/11/15,83,63,26,9,74,28,83,Бә,PM2.5
1186,2022/11/16,89,62,50,8,67,25,89,Бә,PM2.5
1185,2022/11/17,12,11,38,5,29,15,38,УЕ,O3
1184,2022/11/18,18,29,32,6,42,15,42,УЕ,NO3
1183,2022/11/19,39,40,28,6,58,20,58,Бә,NO3
1182,2022/11/20,65,50,30,6,48,23,65,Бә,PM2.5
1181,2022/11/21,58,52,35,6,59,23,59,Бә,NO3
1180,2022/11/22,48,31,32,6,43,20,48,УЕ,PM2.5
1179,2022/11/23,22,27,36,6,42,18,42,УЕ,NO3
1178,2022/11/24,30,43,39,6,63,18,63,Бә,NO3
1177,2022/11/25,29,48,36,7,64,18,64,Бә,NO3
1176,2022/11/26,64,59,44,7,69,23,69,Бә,NO3
1175,2022/11/27,29,37,37,6,43,15,43,УЕ,NO3
1174,2022/11/28,20,28,34,6,38,15,38,УЕ,NO3
1173,2022/11/29,20,22,27,5,25,18,27,УЕ,O3
1172,2022/11/30,19,26,26,6,29,18,29,УЕ,NO3
1171,2022/12/1,28,34,19,7,39,20,39,УЕ,NO3
1170,2022/12/2,43,52,15,8,60,25,60,Бә,NO3
1169,2022/12/3,40,31,19,6,57,23,57,Бә,NO3
1168,2022/12/4,19,31,30,5,20,15,31,УЕ,PM10
1167,2022/12/5,16,20,26,6,32,15,32,УЕ,NO3
1166,2022/12/6,25,42,28,7,68,18,68,Бә,NO3
1165,2022/12/7,49,56,40,8,73,20,73,Бә,NO3
1164,2022/12/8,48,57,31,7,85,18,85,Бә,NO3
1163,2022/12/9,42,40,13,6,77,23,77,Бә,NO3
1162,2022/12/10,77,53,21,6,58,28,77,Бә,PM2.5
1161,2022/12/11,42,43,36,6,30,18,43,УЕ,PM10
1160,2022/12/12,49,52,28,7,58,20,58,Бә,NO3
1159,2022/12/13,78,96,26,10,72,23,96,Бә,PM10
1158,2022/12/14,38,77,29,8,52,18,77,Бә,PM10
1157,2022/12/15,29,56,30,7,68,18,68,Бә,NO3
1156,2022/12/16,22,35,30,6,47,15,47,УЕ,NO3
1155,2022/12/17,36,54,25,7,29,18,54,Бә,PM10
1154,2022/12/18,26,58,26,8,45,20,58,Бә,PM10
1153,2022/12/19,36,55,29,8,73,20,73,Бә,NO3
1152,2022/12/20,30,46,37,7,69,18,69,Бә,NO3
1151,2022/12/21,62,72,31,9,62,20,72,Бә,PM10
1150,2022/12/22,62,74,32,9,55,20,74,Бә,PM10
1149,2022/12/23,25,39,29,9,44,20,44,УЕ,NO3
1148,2022/12/24,45,51,31,10,54,23,54,Бә,NO3
1147,2022/12/25,45,47,31,8,52,23,52,Бә,NO3
1146,2022/12/26,63,55,25,9,72,25,72,Бә,NO3
1145,2022/12/27,94,63,35,10,65,28,94,Бә,PM2.5
1144,2022/12/28,108,67,37,10,54,28,108,Зб¶ИОЫИң,PM2.5
1143,2022/12/29,43,38,32,7,44,18,44,УЕ,NO3
1142,2022/12/30,46,46,24,8,68,23,68,Бә,NO3
1141,2022/12/31,94,66,41,10,87,28,94,Бә,PM2.5
1140,2023/1/1,112,71,19,9,104,25,112,Зб¶ИОЫИң,PM2.5
1139,2023/1/2,79,56,34,8,50,20,79,Бә,PM2.5
1138,2023/1/3,20,28,34,7,44,15,44,УЕ,NO3
1137,2023/1/4,52,48,43,8,68,18,68,Бә,NO3
1136,2023/1/5,52,47,23,7,79,18,79,Бә,NO3
1135,2023/1/6,107,72,49,9,87,23,107,Зб¶ИОЫИң,PM2.5
1134,2023/1/7,129,91,45,11,89,28,129,Зб¶ИОЫИң,PM2.5
1133,2023/1/8,65,74,56,9,57,18,74,Бә,PM10
1132,2023/1/9,82,73,60,8,57,20,82,Бә,PM2.5
1131,2023/1/10,15,34,36,6,35,13,36,УЕ,O3
1130,2023/1/11,28,40,38,7,54,15,54,Бә,NO3
1129,2023/1/12,26,25,34,6,39,15,39,УЕ,NO3
1128,2023/1/13,26,17,10,6,53,20,53,Бә,NO3
1127,2023/1/14,18,13,28,5,22,15,28,УЕ,O3
1126,2023/1/15,30,31,28,6,22,18,31,УЕ,PM10
1125,2023/1/16,43,50,31,8,29,23,50,УЕ,PM10
1124,2023/1/17,59,52,36,9,35,23,59,Бә,PM2.5
1123,2023/1/18,70,65,43,9,49,23,70,Бә,PM2.5
1122,2023/1/19,70,75,45,9,62,23,75,Бә,PM10
1121,2023/1/20,67,86,42,8,34,20,86,Бә,PM10
1120,2023/1/21,26,60,42,7,19,15,60,Бә,PM10
1119,2023/1/22,20,15,29,6,22,15,29,УЕ,O3
1118,2023/1/23,29,31,39,6,18,18,39,УЕ,O3
1117,2023/1/24,36,44,35,6,10,18,44,УЕ,PM10
1116,2023/1/25,19,28,37,7,15,18,37,УЕ,O3
1115,2023/1/26,60,52,38,8,28,20,60,Бә,PM2.5
1114,2023/1/27,46,59,38,8,19,23,59,Бә,PM10
1113,2023/1/28,48,57,40,9,39,23,57,Бә,PM10
1112,2023/1/29,54,59,47,8,49,20,59,Бә,PM10
1111,2023/1/30,67,61,51,9,63,20,67,Бә,PM2.5
1110,2023/1/31,54,51,49,8,50,18,54,Бә,PM2.5
1109,2023/2/1,60,59,59,8,63,18,63,Бә,NO3
1108,2023/2/2,18,50,34,6,24,13,50,УЕ,PM10
1107,2023/2/3,20,51,30,6,29,15,51,Бә,PM10
1106,2023/2/4,25,33,37,7,40,15,40,УЕ,NO3
1105,2023/2/5,49,47,45,7,39,18,49,УЕ,PM2.5
1104,2023/2/6,30,19,35,5,44,15,44,УЕ,NO3
1103,2023/2/7,33,31,45,6,33,15,45,УЕ,O3
1102,2023/2/8,59,52,45,6,34,18,59,Бә,PM2.5
1101,2023/2/9,30,31,40,6,42,18,42,УЕ,NO3
1100,2023/2/10,28,22,37,5,34,18,37,УЕ,O3
1098,2023/2/11,20,18,37,6,37,15,37,УЕ,O3
1099,2023/2/11,20,18,37,6,37,15,37,УЕ,NO3
1097,2023/2/12,26,17,29,5,44,18,44,УЕ,NO3
1096,2023/2/13,39,38,46,5,24,20,46,УЕ,O3
1094,2023/2/14,26,36,36,6,24,15,36,УЕ,PM10
1095,2023/2/14,26,36,36,6,24,15,36,УЕ,O3
1093,2023/2/15,36,42,37,7,35,15,42,УЕ,PM10
1092,2023/2/16,38,45,38,7,47,18,47,УЕ,NO3
1091,2023/2/17,40,46,34,7,59,15,59,Бә,NO3
1090,2023/2/18,75,65,41,9,83,23,83,Бә,NO3
1089,2023/2/19,113,69,42,7,47,25,113,Зб¶ИОЫИң,PM2.5
1088,2023/2/20,57,58,49,8,44,20,58,Бә,PM10
1087,2023/2/21,16,32,37,6,23,13,37,УЕ,O3
1086,2023/2/22,18,31,35,6,33,15,35,УЕ,O3
1085,2023/2/23,20,23,29,6,39,15,39,УЕ,NO3
1084,2023/2/24,60,49,43,7,40,20,60,Бә,PM2.5
1083,2023/2/25,46,48,41,7,27,18,48,УЕ,PM10
1082,2023/2/26,30,37,44,7,34,15,44,УЕ,O3
1081,2023/2/27,32,34,46,6,39,15,46,УЕ,O3
1080,2023/2/28,36,45,52,7,57,15,57,Бә,NO3
1079,2023/3/1,93,62,69,9,69,23,93,Бә,PM2.5
1078,2023/3/2,58,57,47,7,45,18,58,Бә,PM2.5
1077,2023/3/3,20,38,40,6,50,13,50,УЕ,NO3
1076,2023/3/4,39,51,45,7,59,13,59,Бә,NO3
1075,2023/3/5,40,49,55,7,49,13,55,Бә,O3
1074,2023/3/6,57,63,85,9,65,15,85,Бә,O3
1073,2023/3/7,53,64,80,9,59,15,80,Бә,O3
1072,2023/3/8,59,64,54,8,68,18,68,Бә,NO3
1071,2023/3/9,102,79,82,8,67,23,102,Зб¶ИОЫИң,PM2.5
1070,2023/3/10,90,75,102,9,68,20,102,Зб¶ИОЫИң,O3
1069,2023/3/11,45,56,78,8,42,15,78,Бә,O3
1068,2023/3/12,39,60,43,6,32,18,60,Бә,PM10
1067,2023/3/13,20,52,42,7,33,15,52,Бә,PM10
1066,2023/3/14,20,52,65,8,37,15,65,Бә,O3
1065,2023/3/15,40,57,70,9,42,18,70,Бә,O3
1064,2023/3/16,23,66,47,6,22,15,66,Бә,PM10
1063,2023/3/17,13,20,40,6,28,15,40,УЕ,O3
1062,2023/3/18,32,38,36,6,35,18,38,УЕ,PM10
1060,2023/3/19,29,46,46,7,35,15,46,УЕ,PM10
1061,2023/3/19,29,46,46,7,35,15,46,УЕ,O3
1059,2023/3/20,43,42,49,6,39,18,49,УЕ,O3
1058,2023/3/21,25,20,21,6,64,18,64,Бә,NO3
1057,2023/3/22,49,39,12,6,74,20,74,Бә,NO3
1056,2023/3/23,49,92,42,6,40,23,92,Бә,PM10
1055,2023/3/24,33,79,39,6,28,15,79,Бә,PM10
1054,2023/3/25,26,50,33,7,38,18,50,УЕ,PM10
1053,2023/3/26,39,63,52,7,30,18,63,Бә,PM10
1052,2023/3/27,54,79,64,8,54,18,79,Бә,PM10
1051,2023/3/28,54,67,72,8,50,15,72,Бә,O3
1050,2023/3/29,43,58,47,7,50,15,58,Бә,PM10
1048,2023/3/30,72,60,72,6,44,18,72,Бә,PM2.5
1049,2023/3/30,72,60,72,6,44,18,72,Бә,O3
1046,2023/3/31,38,45,45,8,42,15,45,УЕ,PM10
1047,2023/3/31,38,45,45,8,42,15,45,УЕ,O3
1045,2023/4/1,48,53,52,8,65,15,65,Бә,NO3
1044,2023/4/2,46,53,81,7,57,15,81,Бә,O3
1043,2023/4/3,35,51,69,6,28,13,69,Бә,O3
1042,2023/4/4,22,25,48,6,24,15,48,УЕ,O3
1041,2023/4/5,48,34,40,6,27,20,48,УЕ,PM2.5
1040,2023/4/6,68,50,35,6,42,23,68,Бә,PM2.5
1039,2023/4/7,83,64,60,7,42,23,83,Бә,PM2.5
1038,2023/4/8,42,56,68,7,44,15,68,Бә,O3
1037,2023/4/9,32,48,100,8,39,13,100,Бә,O3
1036,2023/4/10,30,50,99,8,35,15,99,Бә,O3
1035,2023/4/11,59,124,55,8,42,18,124,Зб¶ИОЫИң,PM10
1034,2023/4/12,78,188,47,6,28,13,188,ЦР¶ИОЫИң,PM10
1033,2023/4/13,62,134,46,6,38,13,134,Зб¶ИОЫИң,PM10
1032,2023/4/14,67,76,39,8,57,23,76,Бә,PM10
1031,2023/4/15,48,58,61,6,37,18,61,Бә,O3
1030,2023/4/16,46,67,94,7,30,18,94,Бә,O3
1029,2023/4/17,43,62,87,7,27,18,87,Бә,O3
1028,2023/4/18,48,66,88,8,49,20,88,Бә,O3
1027,2023/4/19,26,30,45,6,29,15,45,УЕ,O3
1026,2023/4/20,26,36,48,6,29,15,48,УЕ,O3
1025,2023/4/21,30,57,56,6,20,13,57,Бә,PM10
1024,2023/4/22,38,86,55,7,23,13,86,Бә,PM10
1023,2023/4/23,38,81,47,6,20,15,81,Бә,PM10
1022,2023/4/24,22,37,49,6,20,15,49,УЕ,O3
1021,2023/4/25,36,49,42,8,42,20,49,УЕ,PM10
1020,2023/4/26,70,60,80,8,37,23,80,Бә,O3
1019,2023/4/27,64,57,100,7,29,18,100,Бә,O3
1018,2023/4/28,54,54,89,8,40,18,89,Бә,O3
1017,2023/4/29,65,70,36,7,45,20,70,Бә,PM10
1016,2023/4/30,49,79,97,8,45,15,97,Бә,O3
1015,2023/5/1,45,66,122,9,40,15,122,Зб¶ИОЫИң,O3
1014,2023/5/2,25,53,85,7,20,13,85,Бә,O3
1013,2023/5/3,26,39,55,7,22,13,55,Бә,O3
1012,2023/5/4,26,28,49,7,27,15,49,УЕ,O3
1011,2023/5/5,30,28,44,6,34,20,44,УЕ,O3
1010,2023/5/6,42,36,46,6,29,18,46,УЕ,O3
1009,2023/5/7,19,19,42,6,23,13,42,УЕ,O3
1008,2023/5/8,32,34,62,6,24,13,62,Бә,O3
1007,2023/5/9,33,41,81,7,43,13,81,Бә,O3
1006,2023/5/10,29,36,73,7,38,10,73,Бә,O3
1005,2023/5/11,40,52,54,8,67,15,67,Бә,NO3
1004,2023/5/12,95,74,140,10,67,18,140,Зб¶ИОЫИң,O3
1003,2023/5/13,93,67,165,9,52,18,165,ЦР¶ИОЫИң,O3
1002,2023/5/14,80,69,146,9,52,20,146,Зб¶ИОЫИң,O3
1001,2023/5/15,62,64,137,9,48,18,137,Зб¶ИОЫИң,O3
1000,2023/5/16,29,48,98,8,28,13,98,Бә,O3
999,2023/5/17,16,21,52,6,19,13,52,Бә,O3
998,2023/5/18,33,24,46,6,29,18,46,УЕ,O3
997,2023/5/19,18,18,48,6,29,15,48,УЕ,O3
996,2023/5/20,32,30,76,6,27,13,76,Бә,O3
995,2023/5/21,39,36,65,6,27,13,65,Бә,O3
994,2023/5/22,52,77,43,6,29,15,77,Бә,PM10
993,2023/5/23,53,78,84,8,45,15,84,Бә,O3
992,2023/5/24,43,62,65,8,49,15,65,Бә,O3
991,2023/5/25,45,54,95,8,29,13,95,Бә,O3
990,2023/5/26,36,53,60,7,34,15,60,Бә,O3
989,2023/5/27,25,35,47,7,20,13,47,УЕ,O3
988,2023/5/28,23,35,81,8,22,13,81,Бә,O3
987,2023/5/29,29,38,122,8,32,13,122,Зб¶ИОЫИң,O3
986,2023/5/30,39,34,44,7,35,15,44,УЕ,O3
985,2023/5/31,26,26,38,7,34,13,38,УЕ,O3
984,2023/6/1,30,29,49,8,35,15,49,УЕ,O3
983,2023/6/2,48,52,140,8,34,18,140,Зб¶ИОЫИң,O3
982,2023/6/3,40,45,81,7,25,13,81,Бә,O3
981,2023/6/4,28,36,67,8,28,13,67,Бә,O3
980,2023/6/5,38,41,47,6,33,18,47,УЕ,O3
979,2023/6/6,42,32,65,6,34,18,65,Бә,O3
978,2023/6/7,48,37,62,7,34,15,62,Бә,O3
977,2023/6/8,50,37,119,7,38,18,119,Зб¶ИОЫИң,O3
976,2023/6/9,52,41,140,8,35,20,140,Зб¶ИОЫИң,O3
975,2023/6/10,33,36,128,8,27,15,128,Зб¶ИОЫИң,O3
974,2023/6/11,36,32,74,8,30,15,74,Бә,O3
973,2023/6/12,15,15,43,7,23,10,43,УЕ,O3
972,2023/6/13,16,18,28,6,24,13,28,УЕ,O3
971,2023/6/14,38,36,100,7,32,15,100,Бә,O3
970,2023/6/15,59,51,117,8,43,20,117,Зб¶ИОЫИң,O3
969,2023/6/16,55,45,100,7,32,15,100,Бә,O3
968,2023/6/17,18,14,67,6,22,13,67,Бә,O3
967,2023/6/18,19,15,28,6,42,15,42,УЕ,NO3
966,2023/6/19,20,16,36,6,37,15,37,УЕ,NO3
965,2023/6/20,42,35,92,7,34,20,92,Бә,O3
964,2023/6/21,68,53,146,7,38,20,146,Зб¶ИОЫИң,O3
963,2023/6/22,77,57,107,8,38,20,107,Зб¶ИОЫИң,O3
962,2023/6/23,60,49,74,7,27,18,74,Бә,O3
961,2023/6/24,12,9,63,6,18,13,63,Бә,O3
960,2023/6/25,22,19,50,6,28,15,50,УЕ,O3
959,2023/6/26,29,33,47,6,32,15,47,УЕ,O3
958,2023/6/27,26,33,58,7,32,15,58,Бә,O3
957,2023/6/28,30,35,95,7,25,13,95,Бә,O3
956,2023/6/29,33,41,87,7,29,15,87,Бә,O3
955,2023/6/30,26,31,38,6,29,15,38,УЕ,O3
954,2023/7/1,32,31,103,6,23,15,103,Зб¶ИОЫИң,O3
953,2023/7/2,46,37,104,6,30,15,104,Зб¶ИОЫИң,O3
952,2023/7/3,42,43,99,6,38,18,99,Бә,O3
951,2023/7/4,36,34,80,7,29,15,80,Бә,O3
950,2023/7/5,30,32,84,6,28,18,84,Бә,O3
949,2023/7/6,54,45,99,7,33,18,99,Бә,O3
948,2023/7/7,35,36,68,7,35,18,68,Бә,O3
947,2023/7/8,35,34,37,6,42,18,42,УЕ,NO3
946,2023/7/9,49,44,55,6,39,18,55,Бә,O3
944,2023/7/10,29,32,43,6,43,15,43,УЕ,O3
945,2023/7/10,29,32,43,6,43,15,43,УЕ,NO3
943,2023/7/11,39,42,127,7,27,18,127,Зб¶ИОЫИң,O3
942,2023/7/12,43,46,135,7,25,15,135,Зб¶ИОЫИң,O3
941,2023/7/13,38,44,113,7,27,15,113,Зб¶ИОЫИң,O3
940,2023/7/14,38,43,130,7,24,15,130,Зб¶ИОЫИң,O3
939,2023/7/15,30,35,115,7,27,15,115,Зб¶ИОЫИң,O3
938,2023/7/16,16,19,34,6,25,15,34,УЕ,O3
937,2023/7/17,9,17,28,6,14,10,28,УЕ,O3
936,2023/7/18,13,16,36,6,20,13,36,УЕ,O3
935,2023/7/19,12,19,32,6,25,13,32,УЕ,O3
934,2023/7/20,19,21,24,6,32,13,32,УЕ,NO3
933,2023/7/21,25,23,65,6,29,15,65,Бә,O3
932,2023/7/22,22,22,47,6,25,13,47,УЕ,O3
931,2023/7/23,22,25,56,6,22,13,56,Бә,O3
930,2023/7/24,29,33,57,7,27,15,57,Бә,O3
929,2023/7/25,12,17,43,6,17,13,43,УЕ,O3
928,2023/7/26,9,23,29,6,13,10,29,УЕ,O3
926,2023/7/27,8,18,18,6,14,10,18,УЕ,PM10
927,2023/7/27,8,18,18,6,14,10,18,УЕ,O3
925,2023/7/28,9,21,16,5,12,10,21,УЕ,PM10
924,2023/7/29,9,19,15,5,12,10,19,УЕ,PM10
923,2023/7/30,10,19,26,6,14,10,26,УЕ,O3
922,2023/7/31,18,23,27,6,17,10,27,УЕ,O3
921,2023/8/1,15,19,24,6,14,10,24,УЕ,O3
920,2023/8/2,18,25,26,6,14,13,26,УЕ,O3
919,2023/8/3,18,31,24,6,12,10,31,УЕ,PM10
918,2023/8/4,16,27,23,6,13,10,27,УЕ,PM10
917,2023/8/5,19,27,28,6,15,13,28,УЕ,O3
916,2023/8/6,26,32,55,7,24,15,55,Бә,O3
915,2023/8/7,20,28,40,7,22,15,40,УЕ,O3
914,2023/8/8,23,31,56,7,19,18,56,Бә,O3
913,2023/8/9,26,33,55,6,20,15,55,Бә,O3
912,2023/8/10,36,43,113,6,22,18,113,Зб¶ИОЫИң,O3
911,2023/8/11,52,57,163,7,25,20,163,ЦР¶ИОЫИң,O3
910,2023/8/12,43,43,133,7,22,15,133,Зб¶ИОЫИң,O3
909,2023/8/13,22,28,74,7,18,13,74,Бә,O3
908,2023/8/14,18,25,44,6,17,13,44,УЕ,O3
907,2023/8/15,20,27,37,6,20,13,37,УЕ,O3
906,2023/8/16,28,40,55,6,29,15,55,Бә,O3
905,2023/8/17,30,32,57,6,35,18,57,Бә,O3
904,2023/8/18,28,30,59,7,35,18,59,Бә,O3
903,2023/8/19,28,30,50,6,19,15,50,УЕ,O3
902,2023/8/20,20,25,43,6,18,15,43,УЕ,O3
901,2023/8/21,23,29,102,7,20,15,102,Зб¶ИОЫИң,O3
900,2023/8/22,35,38,100,7,28,20,100,Бә,O3
899,2023/8/23,36,29,66,7,29,20,66,Бә,O3
898,2023/8/24,28,35,105,8,32,18,105,Зб¶ИОЫИң,O3
897,2023/8/25,25,33,91,7,24,15,91,Бә,O3
896,2023/8/26,20,31,75,7,24,15,75,Бә,O3
895,2023/8/27,12,19,34,6,18,13,34,УЕ,O3
894,2023/8/28,12,19,40,7,22,15,40,УЕ,O3
893,2023/8/29,18,16,33,6,34,20,34,УЕ,NO3
892,2023/8/30,12,11,45,6,28,15,45,УЕ,O3
891,2023/8/31,32,23,49,7,35,18,49,УЕ,O3
890,2023/9/1,16,20,56,7,25,13,56,Бә,O3
889,2023/9/2,25,36,78,7,17,15,78,Бә,O3
888,2023/9/3,23,29,65,7,24,15,65,Бә,O3
887,2023/9/4,16,22,22,7,25,13,25,УЕ,NO3
886,2023/9/5,20,27,32,7,23,13,32,УЕ,O3
885,2023/9/6,20,26,34,7,19,13,34,УЕ,O3
884,2023/9/7,32,38,56,7,23,15,56,Бә,O3
883,2023/9/8,26,27,65,7,25,15,65,Бә,O3
882,2023/9/9,20,28,76,7,29,15,76,Бә,O3
881,2023/9/10,19,31,87,7,27,15,87,Бә,O3
880,2023/9/11,22,35,81,7,27,15,81,Бә,O3
879,2023/9/12,18,26,45,7,25,15,45,УЕ,O3
878,2023/9/13,18,24,41,7,28,15,41,УЕ,O3
877,2023/9/14,18,21,32,6,35,15,35,УЕ,NO3
876,2023/9/15,23,22,31,6,52,18,52,Бә,NO3
875,2023/9/16,30,26,29,6,52,23,52,Бә,NO3
874,2023/9/17,54,49,112,7,42,25,112,Зб¶ИОЫИң,O3
873,2023/9/18,48,35,102,7,25,20,102,Зб¶ИОЫИң,O3
872,2023/9/19,23,22,75,7,24,15,75,Бә,O3
871,2023/9/20,15,22,47,7,25,15,47,УЕ,O3
870,2023/9/21,16,23,44,6,33,15,44,УЕ,O3
869,2023/9/22,15,18,33,6,37,15,37,УЕ,NO3
867,2023/9/23,13,13,39,6,39,15,39,УЕ,O3
868,2023/9/23,13,13,39,6,39,15,39,УЕ,NO3
866,2023/9/24,15,21,34,6,39,15,39,УЕ,NO3
865,2023/9/25,36,49,47,7,54,20,54,Бә,NO3
864,2023/9/26,54,48,64,7,40,23,64,Бә,O3
863,2023/9/27,54,43,78,7,35,20,78,Бә,O3
862,2023/9/28,50,41,53,7,34,20,53,Бә,O3
861,2023/9/29,53,42,81,7,25,20,81,Бә,O3
859,2023/9/30,45,29,45,7,27,25,45,УЕ,PM2.5
860,2023/9/30,45,29,45,7,27,25,45,УЕ,O3
858,2023/10/1,19,25,60,7,23,15,60,Бә,O3
857,2023/10/2,12,24,49,6,23,13,49,УЕ,O3
856,2023/10/3,13,24,49,7,25,13,49,УЕ,O3
855,2023/10/4,13,23,52,7,22,13,52,Бә,O3
854,2023/10/5,18,39,46,6,22,13,46,УЕ,O3
853,2023/10/6,12,28,42,6,20,13,42,УЕ,O3
852,2023/10/7,12,24,45,6,23,13,45,УЕ,O3
851,2023/10/8,15,19,45,6,28,15,45,УЕ,O3
850,2023/10/9,33,41,47,6,40,18,47,УЕ,O3
849,2023/10/10,48,48,63,7,38,18,63,Бә,O3
848,2023/10/11,26,30,60,6,37,15,60,Бә,O3
847,2023/10/12,25,34,49,6,42,15,49,УЕ,O3
846,2023/10/13,25,22,46,6,39,18,46,УЕ,O3
845,2023/10/14,70,54,71,8,64,23,71,Бә,O3
843,2023/10/15,82,63,82,8,68,23,82,Бә,PM2.5
844,2023/10/15,82,63,82,8,68,23,82,Бә,O3
842,2023/10/16,87,68,95,9,72,28,95,Бә,O3
841,2023/10/17,65,55,90,8,59,20,90,Бә,O3
840,2023/10/18,46,47,105,8,40,18,105,Зб¶ИОЫИң,O3
839,2023/10/19,67,61,118,8,58,20,118,Зб¶ИОЫИң,O3
838,2023/10/20,22,20,41,7,35,18,41,УЕ,O3
837,2023/10/21,22,37,42,7,47,15,47,УЕ,NO3
836,2023/10/22,23,38,58,7,45,15,58,Бә,O3
835,2023/10/23,18,30,58,7,40,15,58,Бә,O3
834,2023/10/24,28,42,65,7,48,15,65,Бә,O3
833,2023/10/25,62,59,80,8,68,20,80,Бә,O3
832,2023/10/26,57,51,95,7,62,18,95,Бә,O3
831,2023/10/27,57,53,72,7,54,18,72,Бә,O3
829,2023/10/28,16,30,50,7,50,13,50,УЕ,O3
830,2023/10/28,16,30,50,7,50,13,50,УЕ,NO3
828,2023/10/29,22,44,72,7,40,15,72,Бә,O3
827,2023/10/30,25,39,58,6,38,15,58,Бә,O3
826,2023/10/31,28,40,82,7,42,15,82,Бә,O3
825,2023/11/1,28,38,78,7,38,15,78,Бә,O3
824,2023/11/2,19,31,72,7,28,15,72,Бә,O3
823,2023/11/3,36,51,78,8,44,15,78,Бә,O3
821,2023/11/4,23,27,34,7,34,15,34,УЕ,O3
822,2023/11/4,23,27,34,7,34,15,34,УЕ,NO3
820,2023/11/5,15,22,43,7,20,15,43,УЕ,O3
818,2023/11/6,29,35,35,7,30,18,35,УЕ,PM10
819,2023/11/6,29,35,35,7,30,18,35,УЕ,O3
817,2023/11/7,33,54,36,9,49,18,54,Бә,PM10
816,2023/11/8,35,50,42,8,49,15,50,УЕ,PM10
815,2023/11/9,55,56,30,8,63,23,63,Бә,NO3
814,2023/11/10,23,20,39,6,22,15,39,УЕ,O3
813,2023/11/11,15,29,35,6,23,13,35,УЕ,O3
812,2023/11/12,36,35,29,7,30,15,36,УЕ,PM2.5
811,2023/11/13,30,31,31,8,40,15,40,УЕ,NO3
810,2023/11/14,48,54,33,8,69,20,69,Бә,NO3
809,2023/11/15,99,77,44,10,92,28,99,Бә,PM2.5
808,2023/11/16,90,70,37,8,64,23,90,Бә,PM2.5
807,2023/11/17,40,89,32,8,48,18,89,Бә,PM10
806,2023/11/18,35,54,29,9,60,20,60,Бә,NO3
805,2023/11/19,59,66,38,9,88,20,88,Бә,NO3
804,2023/11/20,88,81,49,10,99,28,99,Бә,NO3
803,2023/11/21,64,61,65,8,75,20,75,Бә,NO3
802,2023/11/22,57,57,50,8,80,20,80,Бә,NO3
801,2023/11/23,115,90,69,11,84,28,115,Зб¶ИОЫИң,PM2.5
799,2023/11/24,19,33,35,7,35,15,35,УЕ,O3
800,2023/11/24,19,33,35,7,35,15,35,УЕ,NO3
798,2023/11/25,15,29,35,6,43,13,43,УЕ,NO3
797,2023/11/26,30,47,34,7,57,15,57,Бә,NO3
796,2023/11/27,80,74,44,9,69,23,80,Бә,PM2.5
795,2023/11/28,90,85,44,10,67,25,90,Бә,PM2.5
794,2023/11/29,65,69,55,9,52,20,69,Бә,PM10
793,2023/11/30,28,38,32,8,34,15,38,УЕ,PM10
792,2023/12/1,39,51,30,10,49,18,51,Бә,PM10
791,2023/12/2,49,56,29,9,78,20,78,Бә,NO3
790,2023/12/3,77,71,34,10,92,28,92,Бә,NO3
789,2023/12/4,93,75,27,8,97,25,97,Бә,NO3
788,2023/12/5,105,78,32,9,95,28,105,Зб¶ИОЫИң,PM2.5
787,2023/12/6,93,91,34,10,84,25,93,Бә,PM2.5
786,2023/12/7,80,103,44,10,82,25,103,Зб¶ИОЫИң,PM10
785,2023/12/8,54,69,45,9,73,20,73,Бә,NO3
784,2023/12/9,62,72,30,10,99,23,99,Бә,NO3
783,2023/12/10,50,55,19,7,73,18,73,Бә,NO3
782,2023/12/11,28,21,19,5,37,18,37,УЕ,NO3
781,2023/12/12,53,47,21,6,42,20,53,Бә,PM2.5
780,2023/12/13,53,54,25,7,57,20,57,Бә,NO3
779,2023/12/14,50,51,36,7,64,20,64,Бә,NO3
778,2023/12/15,45,39,10,6,54,30,54,Бә,NO3
777,2023/12/16,48,43,30,7,28,23,48,УЕ,PM2.5
774,2023/12/17,28,30,30,8,30,18,30,УЕ,PM10
775,2023/12/17,28,30,30,8,30,18,30,УЕ,O3
776,2023/12/17,28,30,30,8,30,18,30,УЕ,NO3
773,2023/12/18,18,21,27,6,40,15,40,УЕ,NO3
772,2023/12/19,26,24,24,6,45,18,45,УЕ,NO3
771,2023/12/20,59,58,32,8,40,20,59,Бә,PM2.5
770,2023/12/21,33,41,34,9,33,20,41,УЕ,PM10
769,2023/12/22,38,45,27,9,48,23,48,УЕ,NO3
768,2023/12/23,55,58,16,9,79,23,79,Бә,NO3
767,2023/12/24,83,78,28,11,84,28,84,Бә,NO3
766,2023/12/25,105,89,30,12,93,30,105,Зб¶ИОЫИң,PM2.5
765,2023/12/26,109,88,30,10,94,25,109,Зб¶ИОЫИң,PM2.5
764,2023/12/27,72,60,31,8,82,18,82,Бә,NO3
763,2023/12/28,87,68,22,9,99,23,99,Бә,NO3
762,2023/12/29,67,56,29,6,59,18,67,Бә,PM2.5
761,2023/12/30,115,76,22,7,78,23,115,Зб¶ИОЫИң,PM2.5
760,2023/12/31,202,115,35,8,53,33,202,ЦШ¶ИОЫИң,PM2.5
759,2024/1/1,79,69,34,7,53,20,79,Бә,PM2.5
758,2024/1/2,53,59,38,7,63,18,63,Бә,NO3
757,2024/1/3,107,80,36,7,63,28,107,Зб¶ИОЫИң,PM2.5
756,2024/1/4,119,88,48,9,79,30,119,Зб¶ИОЫИң,PM2.5
755,2024/1/5,104,80,29,10,101,28,104,Зб¶ИОЫИң,PM2.5
754,2024/1/6,163,105,41,10,100,35,163,ЦР¶ИОЫИң,PM2.5
753,2024/1/7,69,58,35,8,48,20,69,Бә,PM2.5
752,2024/1/8,19,25,24,7,58,13,58,Бә,NO3
751,2024/1/9,97,76,29,9,89,23,97,Бә,PM2.5
750,2024/1/10,119,81,28,8,58,25,119,Зб¶ИОЫИң,PM2.5
749,2024/1/11,128,89,35,9,89,28,128,Зб¶ИОЫИң,PM2.5
748,2024/1/12,128,92,32,10,108,30,128,Зб¶ИОЫИң,PM2.5
747,2024/1/13,160,110,47,11,104,33,160,ЦР¶ИОЫИң,PM2.5
746,2024/1/14,102,74,56,8,55,23,102,Зб¶ИОЫИң,PM2.5
745,2024/1/15,25,27,33,6,32,15,33,УЕ,O3
744,2024/1/16,13,28,36,6,48,15,48,УЕ,NO3
743,2024/1/17,26,50,40,7,65,18,65,Бә,NO3
742,2024/1/18,65,57,8,7,55,25,65,Бә,PM2.5
741,2024/1/19,49,44,30,6,37,20,49,УЕ,PM2.5
740,2024/1/20,48,38,11,6,50,28,50,УЕ,NO3
739,2024/1/21,58,49,31,6,33,20,58,Бә,PM2.5
738,2024/1/22,39,38,30,6,27,18,39,УЕ,PM2.5
737,2024/1/23,32,37,30,8,33,20,37,УЕ,PM10
736,2024/1/24,46,52,27,9,57,23,57,Бә,NO3
735,2024/1/25,64,62,27,11,84,25,84,Бә,NO3
734,2024/1/26,93,78,27,12,98,28,98,Бә,NO3
733,2024/1/27,114,87,24,11,102,30,114,Зб¶ИОЫИң,PM2.5
732,2024/1/28,122,91,40,11,90,28,122,Зб¶ИОЫИң,PM2.5
731,2024/1/29,109,80,44,9,69,23,109,Зб¶ИОЫИң,PM2.5
730,2024/1/30,38,32,31,6,52,15,52,Бә,NO3
729,2024/1/31,26,20,15,6,64,18,64,Бә,NO3
728,2024/2/1,19,16,40,5,38,15,40,УЕ,O3
727,2024/2/2,19,28,33,5,29,15,33,УЕ,O3
726,2024/2/3,18,15,31,5,29,18,31,УЕ,O3
725,2024/2/4,29,26,29,5,40,23,40,УЕ,NO3
724,2024/2/5,50,39,32,5,28,20,50,УЕ,PM2.5
723,2024/2/6,74,56,34,6,34,23,74,Бә,PM2.5
722,2024/2/7,46,43,42,7,28,20,46,УЕ,PM2.5
721,2024/2/8,74,59,55,8,32,23,74,Бә,PM2.5
720,2024/2/9,192,107,76,10,50,33,192,ЦР¶ИОЫИң,PM2.5
719,2024/2/10,214,127,57,11,44,28,214,ЦШ¶ИОЫИң,PM2.5
718,2024/2/11,112,86,59,9,39,23,112,Зб¶ИОЫИң,PM2.5
716,2024/2/12,78,78,72,8,29,18,78,Бә,PM2.5
717,2024/2/12,78,78,72,8,29,18,78,Бә,PM10
715,2024/2/13,43,54,56,7,22,15,56,Бә,O3
714,2024/2/14,65,56,52,8,35,15,65,Бә,PM2.5
713,2024/2/15,43,39,40,6,29,15,43,УЕ,PM2.5
712,2024/2/16,19,24,45,7,19,13,45,УЕ,O3
711,2024/2/17,19,26,49,6,24,13,49,УЕ,O3
710,2024/2/18,26,30,40,7,27,15,40,УЕ,O3
709,2024/2/19,48,41,25,6,34,20,48,УЕ,PM2.5
708,2024/2/20,20,21,32,6,23,13,32,УЕ,O3
706,2024/2/21,12,9,27,6,27,18,27,УЕ,O3
707,2024/2/21,12,9,27,6,27,18,27,УЕ,NO3
705,2024/2/22,26,23,26,6,28,18,28,УЕ,NO3
704,2024/2/23,50,45,27,6,37,23,50,УЕ,PM2.5
703,2024/2/24,57,45,24,6,39,25,57,Бә,PM2.5
702,2024/2/25,84,61,41,7,29,23,84,Бә,PM2.5
701,2024/2/26,64,57,49,8,30,20,64,Бә,PM2.5
700,2024/2/27,46,55,44,7,35,18,55,Бә,PM10
699,2024/2/28,33,31,26,6,57,18,57,Бә,NO3
698,2024/2/29,22,16,30,6,52,23,52,Бә,NO3
697,2024/3/1,28,40,44,7,22,15,44,УЕ,O3
696,2024/3/2,54,59,48,8,47,15,59,Бә,PM10
695,2024/3/3,64,60,63,7,45,18,64,Бә,PM2.5
694,2024/3/4,29,33,47,6,48,15,48,УЕ,NO3
693,2024/3/5,36,25,31,7,58,25,58,Бә,NO3
692,2024/3/6,54,53,43,7,37,20,54,Бә,PM2.5
691,2024/3/7,40,49,44,8,47,18,49,УЕ,PM10
690,2024/3/8,79,65,55,7,45,18,79,Бә,PM2.5
689,2024/3/9,83,67,59,8,55,18,83,Бә,PM2.5
688,2024/3/10,43,41,55,7,35,13,55,Бә,O3
687,2024/3/11,60,58,36,7,70,18,70,Бә,NO3
686,2024/3/12,97,75,60,8,67,20,97,Бә,PM2.5
684,2024/3/13,46,46,53,7,53,15,53,Бә,O3
685,2024/3/13,46,46,53,7,53,15,53,Бә,NO3
683,2024/3/14,48,56,24,8,84,15,84,Бә,NO3
682,2024/3/15,33,39,49,7,58,13,58,Бә,NO3
681,2024/3/16,39,38,40,6,52,15,52,Бә,NO3
680,2024/3/17,54,67,42,7,43,18,67,Бә,PM10
679,2024/3/18,28,59,41,7,35,13,59,Бә,PM10
678,2024/3/19,58,78,49,9,48,18,78,Бә,PM10
677,2024/3/20,43,100,52,8,52,15,100,Бә,PM10
676,2024/3/21,39,66,79,8,44,15,79,Бә,O3
675,2024/3/22,39,66,87,8,40,15,87,Бә,O3
674,2024/3/23,63,73,40,9,90,20,90,Бә,NO3
673,2024/3/24,84,63,33,8,72,25,84,Бә,PM2.5
672,2024/3/25,62,43,35,6,48,20,62,Бә,PM2.5
671,2024/3/26,42,32,50,6,35,18,50,УЕ,O3
670,2024/3/27,35,29,63,6,33,15,63,Бә,O3
668,2024/3/28,55,44,32,6,55,23,55,Бә,PM2.5
669,2024/3/28,55,44,32,6,55,23,55,Бә,NO3
667,2024/3/29,58,52,84,8,58,23,84,Бә,O3
666,2024/3/30,55,61,103,9,72,20,103,Зб¶ИОЫИң,O3
665,2024/3/31,72,63,59,7,48,20,72,Бә,PM2.5
664,2024/4/1,54,61,83,7,52,18,83,Бә,O3
663,2024/4/2,29,29,46,7,45,18,46,УЕ,O3
662,2024/4/3,30,26,39,6,33,20,39,УЕ,O3
661,2024/4/4,40,42,66,8,33,18,66,Бә,O3
660,2024/4/5,43,53,78,8,29,15,78,Бә,O3
659,2024/4/6,42,40,50,6,34,15,50,УЕ,O3
658,2024/4/7,43,38,45,6,47,15,47,УЕ,NO3
657,2024/4/8,36,29,49,6,50,18,50,УЕ,NO3
656,2024/4/9,60,54,85,8,62,18,85,Бә,O3
655,2024/4/10,55,57,79,7,40,15,79,Бә,O3
654,2024/4/11,36,49,54,7,40,15,54,Бә,O3
653,2024/4/12,29,27,30,6,45,13,45,УЕ,NO3
652,2024/4/13,26,19,40,6,32,13,40,УЕ,O3
651,2024/4/14,22,19,39,6,35,15,39,УЕ,O3
650,2024/4/15,62,44,75,7,42,20,75,Бә,O3
649,2024/4/16,48,34,52,7,47,18,52,Бә,O3
648,2024/4/17,22,21,47,6,38,15,47,УЕ,O3
647,2024/4/18,43,71,48,8,49,18,71,Бә,PM10
646,2024/4/19,57,110,51,7,37,13,110,Зб¶ИОЫИң,PM10
645,2024/4/20,39,51,70,7,30,18,70,Бә,O3
644,2024/4/21,36,33,52,7,33,18,52,Бә,O3
643,2024/4/22,33,27,45,7,35,15,45,УЕ,O3
642,2024/4/23,42,33,55,7,43,18,55,Бә,O3
641,2024/4/24,39,39,77,8,42,18,77,Бә,O3
640,2024/4/25,18,34,60,8,39,13,60,Бә,O3
639,2024/4/26,25,38,63,7,27,13,63,Бә,O3
638,2024/4/27,26,27,46,7,29,13,46,УЕ,O3
637,2024/4/28,28,27,38,6,37,15,38,УЕ,O3
636,2024/4/29,42,29,44,7,37,18,44,УЕ,O3
635,2024/4/30,39,34,58,7,34,15,58,Бә,O3
634,2024/5/1,35,30,66,8,32,15,66,Бә,O3
633,2024/5/2,28,36,57,7,32,13,57,Бә,O3
632,2024/5/3,28,36,75,7,27,13,75,Бә,O3
631,2024/5/4,33,31,51,7,29,13,51,Бә,O3
630,2024/5/5,35,28,41,7,33,20,41,УЕ,O3
629,2024/5/6,58,48,100,7,38,20,100,Бә,O3
628,2024/5/7,65,52,103,8,40,20,103,Зб¶ИОЫИң,O3
627,2024/5/8,42,36,70,8,38,18,70,Бә,O3
626,2024/5/9,19,21,55,7,33,13,55,Бә,O3
625,2024/5/10,19,30,84,8,25,13,84,Бә,O3
624,2024/5/11,49,51,43,7,38,18,51,Бә,PM10
623,2024/5/12,42,63,59,8,34,15,63,Бә,PM10
622,2024/5/13,35,64,80,9,48,15,80,Бә,O3
621,2024/5/14,28,40,107,9,37,13,107,Зб¶ИОЫИң,O3
620,2024/5/15,30,50,78,8,32,15,78,Бә,O3
619,2024/5/16,23,34,92,8,42,10,92,Бә,O3
618,2024/5/17,22,36,106,8,28,13,106,Зб¶ИОЫИң,O3
617,2024/5/18,22,35,80,7,19,13,80,Бә,O3
616,2024/5/19,22,31,49,7,17,13,49,УЕ,O3
615,2024/5/20,20,25,46,7,18,13,46,УЕ,O3
614,2024/5/21,23,25,47,8,24,13,47,УЕ,O3
613,2024/5/22,33,38,60,8,28,13,60,Бә,O3
612,2024/5/23,22,22,56,7,19,13,56,Бә,O3
611,2024/5/24,20,20,56,7,18,13,56,Бә,O3
610,2024/5/25,20,22,46,7,18,13,46,УЕ,O3
609,2024/5/26,29,30,85,7,24,15,85,Бә,O3
608,2024/5/27,23,21,53,7,19,15,53,Бә,O3
607,2024/5/28,18,21,73,8,28,13,73,Бә,O3
606,2024/5/29,19,25,70,7,29,13,70,Бә,O3
605,2024/5/30,29,39,86,7,25,13,86,Бә,O3
604,2024/5/31,59,39,47,7,40,23,59,Бә,PM2.5
603,2024/6/1,58,34,79,7,33,18,79,Бә,O3
602,2024/6/2,20,16,71,8,32,13,71,Бә,O3
601,2024/6/3,32,40,142,9,40,15,142,Зб¶ИОЫИң,O3
600,2024/6/4,46,51,121,8,24,18,121,Зб¶ИОЫИң,O3
599,2024/6/5,28,29,57,7,25,13,57,Бә,O3
598,2024/6/6,16,14,73,7,24,13,73,Бә,O3
597,2024/6/7,20,18,59,7,29,13,59,Бә,O3
596,2024/6/8,26,22,79,7,24,15,79,Бә,O3
595,2024/6/9,36,28,132,8,32,15,132,Зб¶ИОЫИң,O3
594,2024/6/10,25,21,71,7,23,13,71,Бә,O3
593,2024/6/11,15,15,61,6,22,13,61,Бә,O3
592,2024/6/12,35,29,60,7,29,15,60,Бә,O3
591,2024/6/13,59,38,88,7,28,18,88,Бә,O3
590,2024/6/14,40,24,83,7,25,15,83,Бә,O3
589,2024/6/15,28,25,80,7,27,15,80,Бә,O3
588,2024/6/16,28,23,70,7,30,13,70,Бә,O3
587,2024/6/17,18,16,61,6,23,13,61,Бә,O3
586,2024/6/18,18,20,82,6,23,13,82,Бә,O3
585,2024/6/19,19,19,41,6,29,15,41,УЕ,O3
584,2024/6/20,28,19,37,6,34,18,37,УЕ,O3
583,2024/6/21,43,33,13,6,59,20,59,Бә,NO3
582,2024/6/22,39,29,45,6,43,18,45,УЕ,O3
581,2024/6/23,23,22,45,6,28,15,45,УЕ,O3
580,2024/6/24,38,29,38,6,40,18,40,УЕ,NO3
579,2024/6/25,35,30,44,6,39,15,44,УЕ,O3
578,2024/6/26,23,15,42,5,32,15,42,УЕ,O3
577,2024/6/27,15,10,32,5,35,15,35,УЕ,NO3
576,2024/6/28,20,17,27,6,34,15,34,УЕ,NO3
575,2024/6/29,30,25,43,6,28,15,43,УЕ,O3
574,2024/6/30,20,20,25,6,32,15,32,УЕ,NO3
573,2024/7/1,36,31,53,6,32,15,53,Бә,O3
572,2024/7/2,23,21,54,6,22,15,54,Бә,O3
571,2024/7/3,25,25,100,6,29,15,100,Бә,O3
570,2024/7/4,36,37,101,7,34,15,101,Зб¶ИОЫИң,O3
569,2024/7/5,40,41,119,7,37,15,119,Зб¶ИОЫИң,O3
568,2024/7/6,33,38,112,7,25,15,112,Зб¶ИОЫИң,O3
567,2024/7/7,38,42,110,7,25,15,110,Зб¶ИОЫИң,O3
566,2024/7/8,33,39,102,7,28,15,102,Зб¶ИОЫИң,O3
565,2024/7/9,36,41,95,7,32,15,95,Бә,O3
564,2024/7/10,32,38,45,7,34,18,45,УЕ,O3
563,2024/7/11,22,23,54,6,33,15,54,Бә,O3
562,2024/7/12,29,21,34,6,37,18,37,УЕ,NO3
561,2024/7/13,54,39,44,7,40,18,54,Бә,PM2.5
560,2024/7/14,67,41,68,6,38,18,68,Бә,O3
559,2024/7/15,49,38,78,8,43,15,78,Бә,O3
558,2024/7/16,18,20,57,8,24,13,57,Бә,O3
557,2024/7/17,23,32,96,8,24,13,96,Бә,O3
556,2024/7/18,30,35,70,7,30,15,70,Бә,O3
555,2024/7/19,35,38,119,8,35,15,119,Зб¶ИОЫИң,O3
554,2024/7/20,26,31,99,9,25,13,99,Бә,O3
553,2024/7/21,23,31,105,8,23,13,105,Зб¶ИОЫИң,O3
552,2024/7/22,16,23,78,8,19,13,78,Бә,O3
551,2024/7/23,13,20,51,7,17,10,51,Бә,O3
550,2024/7/24,12,26,25,7,14,10,26,УЕ,PM10
549,2024/7/25,13,29,26,6,14,10,29,УЕ,PM10
548,2024/7/26,18,34,25,6,12,13,34,УЕ,PM10
547,2024/7/27,16,27,32,6,10,10,32,УЕ,O3
546,2024/7/28,16,23,39,7,13,10,39,УЕ,O3
545,2024/7/29,12,18,52,7,17,10,52,Бә,O3
544,2024/7/30,12,19,48,7,17,10,48,УЕ,O3
543,2024/7/31,22,28,95,7,19,13,95,Бә,O3
542,2024/8/1,28,33,86,7,25,15,86,Бә,O3
541,2024/8/2,42,45,165,7,29,18,165,ЦР¶ИОЫИң,O3
540,2024/8/3,43,41,118,7,27,15,118,Зб¶ИОЫИң,O3
539,2024/8/4,29,34,86,7,24,15,86,Бә,O3
538,2024/8/5,28,32,92,7,22,15,92,Бә,O3
537,2024/8/6,28,33,59,7,18,13,59,Бә,O3
536,2024/8/7,29,28,52,7,19,13,52,Бә,O3
535,2024/8/8,30,35,100,7,29,15,100,Бә,O3
534,2024/8/9,26,32,106,7,27,15,106,Зб¶ИОЫИң,O3
533,2024/8/10,30,37,117,7,22,15,117,Зб¶ИОЫИң,O3
532,2024/8/11,38,43,118,7,24,18,118,Зб¶ИОЫИң,O3
531,2024/8/12,46,49,96,6,32,20,96,Бә,O3
530,2024/8/13,38,35,78,6,20,18,78,Бә,O3
529,2024/8/14,16,20,60,6,20,13,60,Бә,O3
528,2024/8/15,23,28,52,7,20,15,52,Бә,O3
527,2024/8/16,33,32,40,7,23,13,40,УЕ,O3
526,2024/8/17,20,22,45,7,18,13,45,УЕ,O3
525,2024/8/18,13,16,37,6,18,13,37,УЕ,O3
524,2024/8/19,13,19,36,6,17,13,36,УЕ,O3
523,2024/8/20,20,25,81,7,19,15,81,Бә,O3
522,2024/8/21,16,21,56,6,22,15,56,Бә,O3
521,2024/8/22,38,36,127,7,25,18,127,Зб¶ИОЫИң,O3
520,2024/8/23,28,30,124,7,27,18,124,Зб¶ИОЫИң,O3
519,2024/8/24,28,30,70,6,18,15,70,Бә,O3
518,2024/8/25,23,26,68,7,20,15,68,Бә,O3
517,2024/8/26,19,23,61,7,22,13,61,Бә,O3
516,2024/8/27,35,44,90,7,33,20,90,Бә,O3
515,2024/8/28,33,23,45,7,23,20,45,УЕ,O3
514,2024/8/29,15,17,45,7,18,15,45,УЕ,O3
513,2024/8/30,22,27,63,7,25,18,63,Бә,O3
512,2024/8/31,22,27,84,7,25,15,84,Бә,O3
511,2024/9/1,28,34,114,7,23,15,114,Зб¶ИОЫИң,O3
510,2024/9/2,32,34,108,8,25,18,108,Зб¶ИОЫИң,O3
509,2024/9/3,23,26,39,7,24,18,39,УЕ,O3
508,2024/9/4,22,24,60,7,22,15,60,Бә,O3
507,2024/9/5,19,22,54,7,20,15,54,Бә,O3
506,2024/9/6,38,42,40,8,22,15,42,УЕ,PM10
505,2024/9/7,45,44,43,9,22,13,45,УЕ,PM2.5
504,2024/9/8,26,25,35,8,20,13,35,УЕ,O3
503,2024/9/9,19,22,31,7,19,13,31,УЕ,O3
502,2024/9/10,26,28,39,7,20,15,39,УЕ,O3
501,2024/9/11,9,14,20,6,15,13,20,УЕ,O3
500,2024/9/12,20,24,63,6,19,15,63,Бә,O3
499,2024/9/13,12,18,38,7,19,13,38,УЕ,O3
498,2024/9/14,13,18,25,7,22,13,25,УЕ,O3
497,2024/9/15,15,24,35,7,12,13,35,УЕ,O3
496,2024/9/16,10,13,28,6,10,15,28,УЕ,O3
495,2024/9/17,10,20,28,6,13,13,28,УЕ,O3
494,2024/9/18,15,23,25,7,17,13,25,УЕ,O3
493,2024/9/19,13,25,15,7,14,13,25,УЕ,PM10
492,2024/9/20,13,14,27,6,25,15,27,УЕ,O3
491,2024/9/21,13,20,33,6,23,15,33,УЕ,O3
490,2024/9/22,16,29,47,7,22,15,47,УЕ,O3
489,2024/9/23,15,27,52,8,28,15,52,Бә,O3
488,2024/9/24,22,26,34,6,39,18,39,УЕ,NO3
487,2024/9/25,29,23,28,6,50,18,50,УЕ,NO3
485,2024/9/26,16,14,40,7,40,15,40,УЕ,O3
486,2024/9/26,16,14,40,7,40,15,40,УЕ,NO3
484,2024/9/27,19,28,75,7,29,15,75,Бә,O3
483,2024/9/28,26,34,75,7,25,15,75,Бә,O3
482,2024/9/29,20,35,46,7,24,15,46,УЕ,O3
481,2024/9/30,26,33,42,8,22,13,42,УЕ,O3
480,2024/10/1,12,18,41,7,18,13,41,УЕ,O3
479,2024/10/2,15,25,50,7,19,13,50,УЕ,O3
478,2024/10/3,13,21,51,7,19,13,51,Бә,O3
477,2024/10/4,12,20,55,7,20,13,55,Бә,O3
476,2024/10/5,9,18,46,6,19,13,46,УЕ,O3
475,2024/10/6,9,10,44,6,22,15,44,УЕ,O3
474,2024/10/7,12,13,50,6,20,15,50,УЕ,O3
473,2024/10/8,45,30,50,7,28,20,50,УЕ,O3
472,2024/10/9,32,35,59,7,48,15,59,Бә,O3
471,2024/10/10,67,58,100,9,70,23,100,Бә,O3
470,2024/10/11,74,62,96,8,60,20,96,Бә,O3
469,2024/10/12,60,43,80,7,43,18,80,Бә,O3
468,2024/10/13,15,20,64,7,32,13,64,Бә,O3
467,2024/10/14,28,39,44,8,43,18,44,УЕ,O3
466,2024/10/15,53,47,39,7,45,20,53,Бә,PM2.5
465,2024/10/16,30,21,43,7,35,15,43,УЕ,O3
464,2024/10/17,28,32,49,7,30,15,49,УЕ,O3
463,2024/10/18,35,39,75,8,35,18,75,Бә,O3
462,2024/10/19,19,26,38,7,22,15,38,УЕ,O3
460,2024/10/20,18,37,37,7,32,15,37,УЕ,PM10
461,2024/10/20,18,37,37,7,32,15,37,УЕ,O3
459,2024/10/21,36,40,22,7,53,25,53,Бә,NO3
458,2024/10/22,53,44,30,7,40,25,53,Бә,PM2.5
457,2024/10/23,43,30,42,8,33,18,43,УЕ,PM2.5
456,2024/10/24,16,22,48,7,28,13,48,УЕ,O3
455,2024/10/25,16,34,53,7,25,15,53,Бә,O3
454,2024/10/26,8,10,32,6,25,13,32,УЕ,O3
453,2024/10/27,15,15,42,6,29,15,42,УЕ,O3
452,2024/10/28,55,44,45,7,35,18,55,Бә,PM2.5
451,2024/10/29,18,19,46,7,40,15,46,УЕ,O3
450,2024/10/30,20,29,50,7,28,15,50,УЕ,O3
449,2024/10/31,16,21,38,7,30,15,38,УЕ,O3
448,2024/11/1,6,6,45,6,14,13,45,УЕ,O3
447,2024/11/2,54,51,60,8,33,20,60,Бә,O3
446,2024/11/3,75,56,62,8,52,23,75,Бә,PM2.5
445,2024/11/4,60,51,80,8,43,20,80,Бә,O3
444,2024/11/5,15,24,41,8,27,13,41,УЕ,O3
443,2024/11/6,13,23,44,7,32,13,44,УЕ,O3
442,2024/11/7,13,26,38,7,37,13,38,УЕ,O3
441,2024/11/8,15,27,46,7,35,13,46,УЕ,O3
440,2024/11/9,16,31,42,7,32,13,42,УЕ,O3
439,2024/11/10,26,31,43,7,32,15,43,УЕ,O3
438,2024/11/11,40,34,55,7,43,15,55,Бә,O3
437,2024/11/12,45,42,55,7,52,15,55,Бә,O3
436,2024/11/13,53,40,57,7,48,18,57,Бә,O3
435,2024/11/14,35,34,39,8,42,18,42,УЕ,NO3
434,2024/11/15,57,38,19,7,48,20,57,Бә,PM2.5
433,2024/11/16,45,26,33,7,35,18,45,УЕ,PM2.5
432,2024/11/17,16,20,37,7,23,13,37,УЕ,O3
431,2024/11/18,10,26,36,7,19,10,36,УЕ,O3
430,2024/11/19,10,26,35,7,27,10,35,УЕ,O3
429,2024/11/20,18,29,27,8,40,13,40,УЕ,NO3
428,2024/11/21,60,57,33,9,58,18,60,Бә,PM2.5
427,2024/11/22,77,59,47,8,52,18,77,Бә,PM2.5
426,2024/11/23,13,16,38,8,34,13,38,УЕ,O3
425,2024/11/24,15,24,37,7,39,13,39,УЕ,NO3
424,2024/11/25,25,31,29,7,40,13,40,УЕ,NO3
423,2024/11/26,35,34,31,8,32,15,35,УЕ,PM2.5
422,2024/11/27,30,61,35,9,40,15,61,Бә,PM10
421,2024/11/28,28,67,34,9,42,15,67,Бә,PM10
420,2024/11/29,29,54,31,9,57,15,57,Бә,NO3
419,2024/11/30,55,63,35,10,85,20,85,Бә,NO3
418,2024/12/1,55,60,43,9,77,18,77,Бә,NO3
417,2024/12/2,83,72,39,11,94,23,94,Бә,NO3
416,2024/12/3,70,61,43,8,44,18,70,Бә,PM2.5
415,2024/12/4,25,28,36,7,38,13,38,УЕ,NO3
414,2024/12/5,52,52,34,8,53,18,53,Бә,NO3
413,2024/12/6,137,91,36,9,72,28,137,Зб¶ИОЫИң,PM2.5
412,2024/12/7,123,81,47,8,52,23,123,Зб¶ИОЫИң,PM2.5
411,2024/12/8,26,24,35,8,34,15,35,УЕ,O3
410,2024/12/9,26,32,30,7,50,15,50,УЕ,NO3
409,2024/12/10,32,35,29,7,53,15,53,Бә,NO3
408,2024/12/11,58,46,36,7,52,20,58,Бә,PM2.5
407,2024/12/12,46,38,33,8,47,20,47,УЕ,NO3
406,2024/12/13,64,59,29,8,48,20,64,Бә,PM2.5
405,2024/12/14,69,57,29,9,52,23,69,Бә,PM2.5
404,2024/12/15,58,61,32,10,65,20,65,Бә,NO3
403,2024/12/16,64,64,34,10,87,20,87,Бә,NO3
402,2024/12/17,79,70,35,10,102,25,102,Зб¶ИОЫИң,NO3
401,2024/12/18,62,55,35,8,54,20,62,Бә,PM2.5
400,2024/12/19,33,36,23,8,48,18,48,УЕ,NO3
399,2024/12/20,49,54,30,8,73,18,73,Бә,NO3
398,2024/12/21,84,71,34,10,63,20,84,Бә,PM2.5
396,2024/12/22,46,46,28,8,42,18,46,УЕ,PM2.5
397,2024/12/22,46,46,28,8,42,18,46,УЕ,PM10
395,2024/12/23,29,36,29,8,43,15,43,УЕ,NO3
394,2024/12/24,42,47,33,8,53,15,53,Бә,NO3
393,2024/12/25,63,60,17,8,90,18,90,Бә,NO3
392,2024/12/26,120,82,46,11,69,25,120,Зб¶ИОЫИң,PM2.5
391,2024/12/27,39,47,35,8,54,18,54,Бә,NO3
390,2024/12/28,50,58,28,10,57,20,58,Бә,PM10
389,2024/12/29,64,67,33,10,74,20,74,Бә,NO3
388,2024/12/30,65,63,31,10,74,20,74,Бә,NO3
387,2024/12/31,67,69,37,9,70,20,70,Бә,NO3
386,2025/1/1,42,59,44,7,58,15,59,Бә,PM10
385,2025/1/2,28,40,42,7,62,13,62,Бә,NO3
384,2025/1/3,48,55,43,8,57,15,57,Бә,NO3
383,2025/1/4,29,34,45,7,52,13,52,Бә,NO3
382,2025/1/5,69,63,42,8,67,20,69,Бә,PM2.5
381,2025/1/6,90,81,37,9,63,23,90,Бә,PM2.5
380,2025/1/7,63,62,24,9,65,23,65,Бә,NO3
379,2025/1/8,72,64,29,10,82,23,82,Бә,NO3
378,2025/1/9,20,31,33,7,30,15,33,УЕ,O3
377,2025/1/10,26,42,32,8,45,18,45,УЕ,NO3
376,2025/1/11,54,58,23,10,78,23,78,Бә,NO3
375,2025/1/12,67,70,35,9,77,23,77,Бә,NO3
374,2025/1/13,90,80,48,9,79,23,90,Бә,PM2.5
373,2025/1/14,95,80,42,10,84,23,95,Бә,PM2.5
371,2025/1/15,26,37,30,8,37,15,37,УЕ,PM10
372,2025/1/15,26,37,30,8,37,15,37,УЕ,NO3
370,2025/1/16,46,59,23,10,77,20,77,Бә,NO3
369,2025/1/17,74,72,27,11,100,25,100,Бә,NO3
368,2025/1/18,73,65,46,8,70,18,73,Бә,PM2.5
367,2025/1/19,98,75,44,9,89,20,98,Бә,PM2.5
366,2025/1/20,150,102,49,11,107,30,150,Зб¶ИОЫИң,PM2.5
365,2025/1/21,109,79,55,9,73,20,109,Зб¶ИОЫИң,PM2.5
364,2025/1/22,30,29,51,7,43,13,51,Бә,O3
363,2025/1/23,32,37,41,6,49,13,49,УЕ,NO3
362,2025/1/24,32,35,47,6,38,13,47,УЕ,O3
361,2025/1/25,22,34,42,6,29,13,42,УЕ,O3
360,2025/1/26,42,44,41,6,29,18,44,УЕ,PM10
359,2025/1/27,48,51,41,7,19,15,51,Бә,PM10
358,2025/1/28,40,48,46,8,19,15,48,УЕ,PM10
357,2025/1/29,90,74,49,12,28,20,90,Бә,PM2.5
356,2025/1/30,39,44,57,7,22,15,57,Бә,O3
355,2025/1/31,32,32,38,6,29,15,38,УЕ,O3
354,2025/2/1,26,20,39,5,19,18,39,УЕ,O3
353,2025/2/2,52,57,38,6,22,20,57,Бә,PM10
352,2025/2/3,68,60,42,6,20,23,68,Бә,PM2.5
351,2025/2/4,62,54,46,7,33,20,62,Бә,PM2.5
350,2025/2/5,53,50,47,8,37,20,53,Бә,PM2.5
349,2025/2/6,32,38,41,8,33,15,41,УЕ,O3
348,2025/2/7,36,53,35,7,29,15,53,Бә,PM10
347,2025/2/8,25,37,35,9,25,18,37,УЕ,PM10
346,2025/2/9,39,42,37,9,39,20,42,УЕ,PM10
344,2025/2/10,49,49,42,8,44,18,49,УЕ,PM2.5
345,2025/2/10,49,49,42,8,44,18,49,УЕ,PM10
343,2025/2/11,25,25,39,6,30,15,39,УЕ,O3
342,2025/2/12,77,59,32,6,37,23,77,Бә,PM2.5
341,2025/2/13,32,32,40,7,32,15,40,УЕ,O3
340,2025/2/14,22,33,35,6,44,15,44,УЕ,NO3
339,2025/2/15,63,54,21,6,65,18,65,Бә,NO3
338,2025/2/16,109,75,50,8,58,25,109,Зб¶ИОЫИң,PM2.5
337,2025/2/17,52,53,41,7,33,15,53,Бә,PM10
336,2025/2/18,30,40,45,8,43,15,45,УЕ,O3
335,2025/2/19,39,47,49,7,38,15,49,УЕ,O3
334,2025/2/20,22,26,42,6,27,13,42,УЕ,O3
333,2025/2/21,28,35,46,7,32,15,46,УЕ,O3
332,2025/2/22,58,53,60,7,35,15,60,Бә,O3
331,2025/2/23,55,48,42,6,34,18,55,Бә,PM2.5
330,2025/2/24,70,57,54,8,47,20,70,Бә,PM2.5
329,2025/2/25,85,69,43,8,65,20,85,Бә,PM2.5
328,2025/2/26,134,88,52,9,79,28,134,Зб¶ИОЫИң,PM2.5
327,2025/2/27,123,78,50,7,59,23,123,Зб¶ИОЫИң,PM2.5
326,2025/2/28,49,38,46,7,57,20,57,Бә,NO3
325,2025/3/1,42,37,70,7,47,18,70,Бә,O3
324,2025/3/2,53,52,79,7,55,18,79,Бә,O3
323,2025/3/3,22,21,40,6,30,18,40,УЕ,O3
321,2025/3/4,19,16,33,6,33,15,33,УЕ,NO3
322,2025/3/4,19,16,33,6,33,15,33,УЕ,O3
320,2025/3/5,19,18,41,6,27,13,41,УЕ,O3
319,2025/3/6,33,40,53,7,28,15,53,Бә,O3
318,2025/3/7,42,47,50,7,42,15,50,УЕ,O3
317,2025/3/8,55,55,70,8,50,15,70,Бә,O3
316,2025/3/9,33,34,55,6,37,13,55,Бә,O3
315,2025/3/10,36,40,33,6,57,13,57,Бә,NO3
313,2025/3/11,50,38,35,6,50,15,50,УЕ,NO3
314,2025/3/11,50,38,35,6,50,15,50,УЕ,PM2.5
312,2025/3/12,29,19,30,6,48,15,48,УЕ,NO3
311,2025/3/13,28,32,41,6,39,15,41,УЕ,O3
310,2025/3/14,20,39,37,6,42,13,42,УЕ,NO3
309,2025/3/15,16,23,43,6,28,13,43,УЕ,O3
307,2025/3/16,43,45,45,7,33,18,45,УЕ,PM10
308,2025/3/16,43,45,45,7,33,18,45,УЕ,O3
306,2025/3/17,45,48,49,8,54,15,54,Бә,NO3
305,2025/3/18,33,44,50,8,39,15,50,УЕ,O3
304,2025/3/19,29,37,50,8,47,15,50,УЕ,O3
303,2025/3/20,55,57,85,8,60,15,85,Бә,O3
302,2025/3/21,58,58,87,9,83,18,87,Бә,O3
301,2025/3/22,64,63,95,9,83,18,95,Бә,O3
300,2025/3/23,63,64,102,9,59,18,102,Зб¶ИОЫИң,O3
299,2025/3/24,50,62,92,8,52,18,92,Бә,O3
298,2025/3/25,62,76,100,9,68,18,100,Бә,O3
297,2025/3/26,75,72,135,10,62,20,135,Зб¶ИОЫИң,O3
296,2025/3/27,58,61,54,7,39,20,61,Бә,PM10
295,2025/3/28,29,50,40,7,29,15,50,УЕ,PM10
294,2025/3/29,46,58,43,7,35,15,58,Бә,PM10
293,2025/3/30,20,31,50,7,25,13,50,УЕ,O3
292,2025/3/31,25,38,65,7,29,13,65,Бә,O3
291,2025/4/1,38,45,72,8,37,15,72,Бә,O3
290,2025/4/2,65,62,95,9,49,18,95,Бә,O3
289,2025/4/3,46,41,55,8,43,15,55,Бә,O3
288,2025/4/4,35,39,80,7,38,15,80,Бә,O3
287,2025/4/5,63,60,97,8,44,20,97,Бә,O3
286,2025/4/6,69,61,84,8,50,18,84,Бә,O3
285,2025/4/7,55,54,110,8,42,15,110,Зб¶ИОЫИң,O3
284,2025/4/8,57,66,121,9,53,18,121,Зб¶ИОЫИң,O3
283,2025/4/9,74,70,128,10,63,20,128,Зб¶ИОЫИң,O3
282,2025/4/10,80,66,84,9,58,18,84,Бә,O3
281,2025/4/11,63,57,68,10,52,18,68,Бә,O3
280,2025/4/12,48,92,49,6,22,15,92,Бә,PM10
279,2025/4/13,38,91,54,7,24,13,91,Бә,PM10
278,2025/4/14,38,75,67,8,32,15,75,Бә,PM10
277,2025/4/15,33,57,89,8,49,15,89,Бә,O3
276,2025/4/16,42,60,118,9,48,18,118,Зб¶ИОЫИң,O3
275,2025/4/17,49,65,80,8,49,18,80,Бә,O3
274,2025/4/18,49,59,101,7,37,18,101,Зб¶ИОЫИң,O3
273,2025/4/19,43,58,75,7,27,20,75,Бә,O3
272,2025/4/20,50,43,78,7,28,20,78,Бә,O3
271,2025/4/21,39,37,59,6,27,15,59,Бә,O3
270,2025/4/22,60,43,57,6,30,20,60,Бә,PM2.5
269,2025/4/23,64,59,119,8,44,20,119,Зб¶ИОЫИң,O3
268,2025/4/24,82,76,109,8,60,20,109,Зб¶ИОЫИң,O3
267,2025/4/25,23,51,57,6,32,10,57,Бә,O3
266,2025/4/26,20,35,63,6,37,13,63,Бә,O3
265,2025/4/27,26,42,56,6,40,15,56,Бә,O3
264,2025/4/28,43,44,70,7,45,18,70,Бә,O3
263,2025/4/29,35,38,80,7,40,15,80,Бә,O3
262,2025/4/30,29,47,102,7,32,15,102,Зб¶ИОЫИң,O3
261,2025/5/1,45,55,87,7,28,18,87,Бә,O3
260,2025/5/2,42,53,115,7,25,15,115,Зб¶ИОЫИң,O3
259,2025/5/3,36,51,81,7,19,18,81,Бә,O3
258,2025/5/4,15,24,62,6,20,13,62,Бә,O3
257,2025/5/5,33,37,46,5,28,18,46,УЕ,-
256,2025/5/6,69,61,95,6,28,20,95,Бә,O3
255,2025/5/7,33,58,80,6,24,13,80,Бә,O3
254,2025/5/8,28,51,62,6,20,13,62,Бә,O3
253,2025/5/9,18,23,60,6,23,18,60,Бә,O3
252,2025/5/10,35,47,75,7,34,15,75,Бә,O3
251,2025/5/11,35,38,95,7,33,15,95,Бә,O3
250,2025/5/12,49,51,118,8,42,15,118,Зб¶ИОЫИң,O3
249,2025/5/13,33,41,116,7,24,13,116,Зб¶ИОЫИң,O3
248,2025/5/14,26,35,119,7,25,15,119,Зб¶ИОЫИң,O3
247,2025/5/15,33,44,87,7,47,15,87,Бә,O3
246,2025/5/16,48,41,45,6,37,20,48,УЕ,-
245,2025/5/17,63,48,105,6,39,25,105,Зб¶ИОЫИң,O3
244,2025/5/18,36,61,55,6,27,15,61,Бә,PM10
243,2025/5/19,38,39,90,6,28,15,90,Бә,O3
242,2025/5/20,43,39,38,6,35,18,43,УЕ,-
241,2025/5/21,33,24,47,6,40,18,47,УЕ,-
240,2025/5/22,33,30,75,6,33,18,75,Бә,O3
239,2025/5/23,10,7,45,5,17,13,45,УЕ,-
238,2025/5/24,46,41,86,7,23,15,86,Бә,O3
237,2025/5/25,45,44,90,8,37,15,90,Бә,O3
236,2025/5/26,36,34,79,6,30,13,79,Бә,O3
235,2025/5/27,29,29,85,6,23,13,85,Бә,O3
234,2025/5/28,28,33,77,7,27,13,77,Бә,O3
233,2025/5/29,33,33,71,7,25,13,71,Бә,O3
232,2025/5/30,57,51,124,7,33,15,124,Зб¶ИОЫИң,O3
231,2025/5/31,50,43,103,7,23,15,103,Зб¶ИОЫИң,O3
230,2025/6/1,15,14,83,5,12,13,83,Бә,O3
229,2025/6/2,15,13,53,5,20,15,53,Бә,O3
228,2025/6/3,36,36,106,7,24,18,106,Зб¶ИОЫИң,O3
227,2025/6/4,62,50,162,7,34,18,162,ЦР¶ИОЫИң,O3
226,2025/6/5,30,37,130,8,35,13,130,Зб¶ИОЫИң,O3
225,2025/6/6,28,42,109,7,22,13,109,Зб¶ИОЫИң,O3
224,2025/6/7,32,41,33,6,35,15,41,УЕ,-
223,2025/6/8,18,13,48,6,23,13,48,УЕ,-
222,2025/6/9,19,19,35,6,29,15,35,УЕ,-
221,2025/6/10,22,16,32,6,30,15,32,УЕ,-
220,2025/6/11,29,23,38,6,28,13,38,УЕ,-
219,2025/6/12,13,12,49,6,25,13,49,УЕ,-
218,2025/6/13,10,14,16,5,23,13,23,УЕ,-
217,2025/6/14,32,29,68,6,29,18,68,Бә,O3
216,2025/6/15,13,13,25,6,22,15,25,УЕ,-
215,2025/6/16,20,24,101,6,20,13,101,Зб¶ИОЫИң,O3
214,2025/6/17,39,54,157,7,32,15,157,ЦР¶ИОЫИң,O3
213,2025/6/18,35,51,90,7,35,15,90,Бә,O3
212,2025/6/19,28,35,64,7,33,13,64,Бә,O3
211,2025/6/20,18,24,49,7,22,13,49,УЕ,-
210,2025/6/21,19,27,55,7,20,15,55,Бә,O3
209,2025/6/22,10,12,47,6,20,13,47,УЕ,-
208,2025/6/23,12,12,46,5,19,13,46,УЕ,-
207,2025/6/24,23,20,50,6,24,15,50,УЕ,-
206,2025/6/25,39,39,94,6,30,15,94,Бә,O3
205,2025/6/26,46,38,101,6,25,15,101,Зб¶ИОЫИң,O3
204,2025/6/27,38,33,102,6,29,15,102,Зб¶ИОЫИң,O3
203,2025/6/28,36,35,114,6,25,15,114,Зб¶ИОЫИң,O3
202,2025/6/29,22,22,88,6,18,13,88,Бә,O3
201,2025/6/30,12,16,49,6,15,13,49,УЕ,-
200,2025/7/1,12,22,53,6,14,13,53,Бә,O3
199,2025/7/2,16,26,60,7,17,13,60,Бә,O3
198,2025/7/3,19,30,75,6,14,13,75,Бә,O3
197,2025/7/4,20,33,88,6,14,13,88,Бә,O3
196,2025/7/5,20,28,80,6,14,13,80,Бә,O3
195,2025/7/6,15,22,80,7,15,15,80,Бә,O3
194,2025/7/7,8,15,33,6,12,13,33,УЕ,-
193,2025/7/8,9,21,26,6,10,13,26,УЕ,-
192,2025/7/9,12,24,31,6,10,13,31,УЕ,-
191,2025/7/10,36,41,25,8,10,13,41,УЕ,-
190,2025/7/11,19,24,24,6,13,13,24,УЕ,-
189,2025/7/12,13,17,29,6,12,13,29,УЕ,-
188,2025/7/13,18,21,44,6,15,15,44,УЕ,-
187,2025/7/14,42,40,110,7,23,18,110,Зб¶ИОЫИң,O3
186,2025/7/15,38,43,142,7,29,18,142,Зб¶ИОЫИң,O3
185,2025/7/16,43,49,104,7,20,18,104,Зб¶ИОЫИң,O3
184,2025/7/17,38,43,101,6,22,18,101,Зб¶ИОЫИң,O3
183,2025/7/18,23,25,66,6,23,18,66,Бә,O3
182,2025/7/19,12,19,25,7,10,13,25,УЕ,-
181,2025/7/20,12,29,20,6,8,13,29,УЕ,-
180,2025/7/21,10,27,21,6,8,13,27,УЕ,-
179,2025/7/22,10,26,19,6,9,13,26,УЕ,-
178,2025/7/23,10,24,20,6,10,13,24,УЕ,-
177,2025/7/24,18,27,24,6,12,13,27,УЕ,-
176,2025/7/25,16,26,26,7,10,13,26,УЕ,-
175,2025/7/26,9,18,19,6,10,13,19,УЕ,-
174,2025/7/27,12,19,23,6,10,13,23,УЕ,-
173,2025/7/28,13,25,18,6,10,13,25,УЕ,-
172,2025/7/29,13,22,21,7,12,13,22,УЕ,-
171,2025/7/30,6,11,26,6,8,13,26,УЕ,-
170,2025/7/31,16,22,55,6,13,15,55,Бә,O3
169,2025/8/1,30,37,66,6,14,15,66,Бә,O3
168,2025/8/2,32,35,61,6,23,18,61,Бә,O3
167,2025/8/3,32,31,71,6,22,18,71,Бә,O3
166,2025/8/4,32,29,62,6,25,20,62,Бә,O3
165,2025/8/5,29,28,75,6,19,18,75,Бә,O3
164,2025/8/6,22,25,75,6,18,18,75,Бә,O3
163,2025/8/7,23,27,75,6,27,18,75,Бә,O3
162,2025/8/8,28,34,87,7,27,15,87,Бә,O3
161,2025/8/9,35,38,65,6,27,15,65,Бә,O3
160,2025/8/10,32,41,51,6,33,18,51,Бә,O3
159,2025/8/11,38,40,81,6,29,18,81,Бә,O3
158,2025/8/12,29,34,94,6,29,18,94,Бә,O3
157,2025/8/13,13,21,39,6,12,13,39,УЕ,-
156,2025/8/14,10,21,32,6,12,13,32,УЕ,-
155,2025/8/15,10,17,35,6,13,13,35,УЕ,-
154,2025/8/16,20,28,35,7,12,10,35,УЕ,-
153,2025/8/17,26,29,35,7,13,13,35,УЕ,-
152,2025/8/18,12,15,43,6,14,13,43,УЕ,-
151,2025/8/19,13,19,64,6,15,13,64,Бә,O3
150,2025/8/20,19,29,76,6,20,15,76,Бә,O3
149,2025/8/21,40,44,126,6,22,18,126,Зб¶ИОЫИң,O3
148,2025/8/22,35,37,113,6,24,15,113,Зб¶ИОЫИң,O3
147,2025/8/23,35,38,119,6,23,18,119,Зб¶ИОЫИң,O3
146,2025/8/24,23,29,87,6,19,13,87,Бә,O3
145,2025/8/25,19,28,66,6,29,15,66,Бә,O3
144,2025/8/26,28,35,101,7,33,15,101,Зб¶ИОЫИң,O3
143,2025/8/27,10,15,46,6,18,13,46,УЕ,-
142,2025/8/28,10,16,50,6,15,13,50,УЕ,-
141,2025/8/29,9,17,45,6,15,13,45,УЕ,-
140,2025/8/30,9,16,44,6,13,10,44,УЕ,-
139,2025/8/31,18,25,66,6,19,13,66,Бә,O3
138,2025/9/1,28,31,84,6,32,15,84,Бә,O3
137,2025/9/2,22,26,43,6,34,15,43,УЕ,-
136,2025/9/3,22,22,59,6,27,13,59,Бә,O3
135,2025/9/4,19,24,65,6,27,15,65,Бә,O3
134,2025/9/5,22,26,99,6,25,15,99,Бә,O3
133,2025/9/6,19,27,104,6,22,15,104,Зб¶ИОЫИң,O3
132,2025/9/7,39,42,115,7,34,20,115,Зб¶ИОЫИң,O3
131,2025/9/8,16,19,73,6,27,15,73,Бә,O3
130,2025/9/9,19,25,47,6,27,18,47,УЕ,-
129,2025/9/10,18,25,65,6,20,15,65,Бә,O3
128,2025/9/11,20,30,80,6,20,15,80,Бә,O3
127,2025/9/12,28,38,93,6,22,15,93,Бә,O3
126,2025/9/13,39,42,82,6,29,20,82,Бә,O3
125,2025/9/14,38,29,73,6,22,18,73,Бә,O3
124,2025/9/15,32,30,81,6,29,18,81,Бә,O3
123,2025/9/16,20,25,91,6,22,15,91,Бә,O3
122,2025/9/17,19,30,60,6,25,15,60,Бә,O3
121,2025/9/18,13,24,53,6,15,15,53,Бә,O3
120,2025/9/19,12,25,49,6,18,15,49,УЕ,-
119,2025/9/20,19,22,44,5,22,15,44,УЕ,-
118,2025/9/21,16,22,59,5,15,15,59,Бә,O3
117,2025/9/22,12,22,58,5,20,13,58,Бә,O3
116,2025/9/23,12,25,36,5,18,15,36,УЕ,-
115,2025/9/24,10,22,24,5,18,13,24,УЕ,-
114,2025/9/25,10,21,33,5,19,13,33,УЕ,-
113,2025/9/26,15,22,43,6,29,15,43,УЕ,-
112,2025/9/27,23,29,61,6,29,15,61,Бә,O3
111,2025/9/28,35,37,96,6,27,18,96,Бә,O3
110,2025/9/29,22,19,48,6,23,23,48,УЕ,-
109,2025/9/30,29,28,43,5,32,20,43,УЕ,-
108,2025/10/1,43,30,74,6,24,20,74,Бә,O3
107,2025/10/2,22,22,73,5,13,18,73,Бә,O3
106,2025/10/3,42,44,55,7,27,25,55,Бә,O3
105,2025/10/4,25,24,53,7,25,18,53,Бә,O3
104,2025/10/5,22,24,55,6,22,15,55,Бә,O3
103,2025/10/6,23,30,78,6,25,15,78,Бә,O3
102,2025/10/7,33,35,50,6,20,20,50,УЕ,-
101,2025/10/8,15,14,44,6,17,15,44,УЕ,-
100,2025/10/9,12,20,55,6,20,13,55,Бә,O3
99,2025/10/10,16,32,53,6,18,13,53,Бә,O3
98,2025/10/11,23,39,86,6,23,13,86,Бә,O3
97,2025/10/12,32,41,96,6,22,13,96,Бә,O3
96,2025/10/13,64,57,53,6,37,23,64,Бә,PM2.5
95,2025/10/14,39,30,26,6,35,25,39,УЕ,-
94,2025/10/15,26,29,80,6,29,15,80,Бә,O3
93,2025/10/16,25,20,39,6,24,20,39,УЕ,-
92,2025/10/17,13,18,48,6,25,13,48,УЕ,-
91,2025/10/18,15,18,38,6,19,13,38,УЕ,-
90,2025/10/19,15,27,40,6,15,10,40,УЕ,-
89,2025/10/20,15,31,38,6,13,10,38,УЕ,-
88,2025/10/21,12,28,39,6,14,10,39,УЕ,-
87,2025/10/22,13,27,43,6,17,10,43,УЕ,-
86,2025/10/23,16,28,46,6,23,13,46,УЕ,-
85,2025/10/24,18,31,50,6,23,13,50,УЕ,-
84,2025/10/25,20,31,54,6,23,13,54,Бә,O3
83,2025/10/26,35,40,44,7,29,15,44,УЕ,-
82,2025/10/27,40,35,42,7,27,15,42,УЕ,-
81,2025/10/28,15,18,49,7,32,10,49,УЕ,-
80,2025/10/29,12,21,46,6,40,10,46,УЕ,-
79,2025/10/30,15,27,27,6,52,10,52,Бә,NO3
78,2025/10/31,23,31,39,7,43,13,43,УЕ,-
77,2025/11/1,124,78,67,7,52,23,124,Зб¶ИОЫИң,PM2.5
76,2025/11/2,105,69,61,8,45,20,105,Зб¶ИОЫИң,PM2.5
75,2025/11/3,12,14,37,6,32,10,37,УЕ,-
74,2025/11/4,15,24,32,6,43,10,43,УЕ,-
73,2025/11/5,22,31,36,6,48,13,48,УЕ,-
72,2025/11/6,30,38,51,7,47,15,51,Бә,O3
71,2025/11/7,30,29,37,6,55,13,55,Бә,NO3
70,2025/11/8,39,34,20,6,44,15,44,УЕ,-
69,2025/11/9,26,22,41,6,23,13,41,УЕ,-
68,2025/11/10,35,37,44,6,23,13,44,УЕ,-
67,2025/11/11,10,21,38,6,23,10,38,УЕ,-
66,2025/11/12,16,34,35,7,28,13,35,УЕ,-
65,2025/11/13,20,32,45,7,30,13,45,УЕ,-
64,2025/11/14,60,58,56,7,52,18,60,Бә,PM2.5
63,2025/11/15,39,49,50,7,53,13,53,Бә,NO3
62,2025/11/16,25,35,47,7,49,13,49,УЕ,-
61,2025/11/17,23,35,35,6,27,13,35,УЕ,-
60,2025/11/18,29,38,25,9,33,15,38,УЕ,-
59,2025/11/19,49,56,27,10,58,18,58,Бә,NO3
58,2025/11/20,64,64,26,10,79,23,79,Бә,NO3
57,2025/11/21,82,70,38,10,93,23,93,Бә,NO3
56,2025/11/22,128,90,47,11,98,25,128,Зб¶ИОЫИң,PM2.5
55,2025/11/23,112,77,74,9,73,20,112,Зб¶ИОЫИң,PM2.5
54,2025/11/24,100,74,42,10,82,20,100,Бә,PM2.5
53,2025/11/25,50,86,28,9,44,15,86,Бә,PM10
52,2025/11/26,38,58,28,8,65,15,65,Бә,NO3
51,2025/11/27,69,152,30,8,54,15,152,ЦР¶ИОЫИң,PM10
50,2025/11/28,72,148,33,9,64,18,148,Зб¶ИОЫИң,PM10
49,2025/11/29,58,98,50,8,64,15,98,Бә,PM10
48,2025/11/30,77,82,49,8,89,20,89,Бә,NO3
46,2025/12/1,88,88,48,7,60,20,88,Бә,PM2.5
47,2025/12/1,88,88,48,7,60,20,88,Бә,PM10
45,2025/12/2,23,49,38,6,33,13,49,УЕ,-
44,2025/12/3,28,40,33,7,28,13,40,УЕ,-
43,2025/12/4,30,36,28,7,58,15,58,Бә,NO3
42,2025/12/5,52,55,28,8,60,18,60,Бә,NO3
41,2025/12/6,75,66,35,8,83,18,83,Бә,NO3
39,2025/12/7,95,72,57,8,95,20,95,Бә,PM2.5
40,2025/12/7,95,72,57,8,95,20,95,Бә,NO3
38,2025/12/8,65,59,39,7,49,15,65,Бә,PM2.5
37,2025/12/9,23,48,37,6,53,13,53,Бә,NO3
36,2025/12/10,19,39,30,6,54,13,54,Бә,NO3
35,2025/12/11,80,72,61,8,59,23,80,Бә,PM2.5
34,2025/12/12,15,21,35,5,27,10,35,УЕ,-
33,2025/12/13,28,35,25,5,34,13,35,УЕ,-
32,2025/12/14,59,56,31,7,40,18,59,Бә,PM2.5
31,2025/12/15,59,64,41,7,62,18,64,Бә,PM10
30,2025/12/16,62,62,26,7,80,20,80,Бә,NO3
29,2025/12/17,108,86,43,8,68,23,108,Зб¶ИОЫИң,PM2.5
28,2025/12/18,39,44,42,6,49,13,49,УЕ,-
27,2025/12/19,32,44,45,6,43,13,45,УЕ,-
26,2025/12/20,105,79,36,7,53,23,105,Зб¶ИОЫИң,PM2.5
25,2025/12/21,18,16,32,6,22,10,32,УЕ,-
24,2025/12/22,15,23,29,6,40,10,40,УЕ,-
23,2025/12/23,35,50,25,6,50,15,50,УЕ,-
22,2025/12/24,52,45,15,6,42,18,52,Бә,PM2.5
21,2025/12/25,36,35,33,6,27,13,36,УЕ,-
20,2025/12/26,18,23,32,6,33,13,33,УЕ,-
19,2025/12/27,32,41,30,6,62,13,62,Бә,NO3
18,2025/12/28,79,66,40,8,83,20,83,Бә,NO3
17,2025/12/29,90,70,34,8,80,20,90,Бә,PM2.5
16,2025/12/30,78,61,44,6,40,18,78,Бә,PM2.5
15,2025/12/31,18,25,39,6,23,10,39,УЕ,-
14,2026/1/1,15,19,30,6,19,10,30,УЕ,-
13,2026/1/2,30,31,32,7,24,15,32,УЕ,-
12,2026/1/3,54,55,28,9,62,18,62,Бә,NO3
11,2026/1/4,58,56,25,7,75,15,75,Бә,NO3
10,2026/1/5,110,72,29,7,67,25,110,Зб¶ИОЫИң,PM2.5
9,2026/1/6,115,76,35,7,63,23,115,Зб¶ИОЫИң,PM2.5
8,2026/1/7,70,59,36,8,64,18,70,Бә,PM2.5
7,2026/1/8,89,73,38,8,80,20,89,Бә,PM2.5
6,2026/1/9,87,71,44,8,70,18,87,Бә,PM2.5
5,2026/1/10,64,82,34,9,60,15,82,Бә,PM10
4,2026/1/11,29,61,32,8,39,13,61,Бә,PM10
3,2026/1/12,48,65,35,8,62,13,65,Бә,PM10
2,2026/1/13,79,79,32,10,93,20,93,Бә,NO3
1,2026/1/14,75,71,57,8,63,15,75,Бә,PM2.5
